 Length, Height, Width, Omnivariance, Class
1.619,1.22,1.479,0.1064,1
1.204,1.09,1.693,0.1165,1
1.34,1.22,1.834,0.1393,1
1.364,1.12,1.661,0.131,1
1.45,1.18,1.944,0.1353,1
2.448,1.09,1.6,0.157,1
1.912,1.09,1.251,0.1314,1
1.457,1.23,1.767,0.1418,1
1.24,1.09,1.856,0.1326,1
2.214,1.22,1.662,0.1621,1
2.484,1.22,1.696,0.1667,1
1.925,1.1,1.65,0.1213,1
1.957,1.08,1.55,0.1286,1
2.46,1.08,1.601,0.1525,1
1.945,1.09,1.344,0.1303,1
1.682,1.22,2.533,0.1624,1
1.317,1.1,1.961,0.1304,1
1.945,1.09,1.827,0.1338,1
2.368,1.09,1.607,0.1598,1
2.487,1.21,1.639,0.1631,1
1.781,1.22,2.526,0.1672,1
1.879,1.09,2.254,0.1602,1
2.297,1.24,1.646,0.1654,1
1.769,1.1,1.63,0.1247,1
2.045,1.22,1.882,0.166,1
1.727,1.09,1.591,0.1272,1
2.207,1.23,1.676,0.1609,1
1.272,1.08,1.718,0.1279,1
1.807,1.09,1.811,0.131,1
2.511,1.23,1.694,0.1657,1
1.568,1.09,1.66,0.1284,1
1.984,1.22,2.02,0.1626,1
2.43,1.09,1.906,0.1525,1
1.932,1.08,1.573,0.1286,1
1.542,1.09,2.504,0.1563,1
1.755,1.09,1.682,0.133,1
1.737,1.09,1.623,0.132,1
1.858,1.08,1.195,0.1299,1
1.635,1.08,1.413,0.1294,1
1.502,1.09,1.809,0.1312,1
2.53,1.23,1.742,0.1622,1
1.373,1.09,1.984,0.1291,1
1.394,1.09,2.47,0.128,1
1.608,1.08,1.839,0.1266,1
1.271,1.1,1.676,0.1232,1
1.581,1.22,1.651,0.1363,1
2.471,1.22,1.689,0.1652,1
1.42,1.09,1.898,0.1371,1
2.249,1.09,1.74,0.1471,1
1.593,1.09,1.774,0.1323,1
1.639,1.24,2.161,0.168,1
1.706,1.08,1.335,0.1296,1
2.011,1.09,1.896,0.1478,1
2.518,1.22,1.735,0.1622,1
2.431,1.31,1.697,0.1709,1
2.178,1.1,1.784,0.143,1
1.627,1.22,2.198,0.1652,1
1.246,1.09,1.81,0.1303,1
1.761,1.09,1.587,0.1309,1
2.433,1.22,1.69,0.1632,1
2.487,1.24,1.653,0.1644,1
2.268,1.22,1.811,0.1641,1
1.884,1.08,1.749,0.1301,1
2.307,1.08,1.6,0.1486,1
1.858,1.22,1.403,0.1379,1
1.528,1.22,1.6,0.1381,1
1.665,1.22,1.799,0.1386,1
1.934,1.08,1.559,0.1298,1
2.324,1.22,1.676,0.1634,1
1.85,1.09,1.319,0.1319,1
2.164,1.22,1.679,0.1653,1
2.472,1.22,1.705,0.1665,1
1.937,1.08,1.54,0.1308,1
1.712,1.22,1.749,0.1393,1
2.509,1.09,1.587,0.152,1
2.4,1.24,1.643,0.1661,1
1.667,1.23,2.394,0.1673,1
1.967,1.08,1.518,0.1285,1
1.609,1.1,2.237,0.1564,1
1.875,1.09,1.907,0.1325,1
1.783,1.09,1.597,0.1283,1
2.463,1.22,1.681,0.1628,1
2.007,1.08,1.485,0.1292,1
1.934,1.07,1.58,0.1283,1
2.5,1.23,1.59,0.1615,1
1.525,1.08,1.609,0.1302,1
1.928,1.08,1.553,0.1291,1
2.37,1.09,1.595,0.1554,1
1.709,1.23,1.981,0.1396,1
1.682,1.21,2.456,0.1642,1
1.356,1.09,1.996,0.1315,1
2.075,1.22,1.799,0.1654,1
2.407,1.09,1.607,0.1551,1
1.701,1.23,1.697,0.1414,1
1.697,1.17,2.355,0.1583,1
1.675,1.09,1.394,0.1307,1
1.647,1.31,1.81,0.1455,1
2.416,1.09,1.911,0.1554,1
1.799,1.09,1.767,0.1348,1
1.452,1.22,1.71,0.1418,1
2.166,1.08,1.591,0.1497,1
2.446,1.24,1.739,0.1705,1
1.714,1.09,2.031,0.1505,1
1.582,1.09,2.528,0.1602,1
2.496,1.22,1.696,0.1661,1
1.702,1.12,1.609,0.1317,1
1.845,1.1,1.647,0.121,1
1.971,1.09,1.566,0.1297,1
2.512,1.22,1.73,0.1637,1
1.906,1.09,1.474,0.1358,1
1.918,1.09,1.629,0.123,1
2.406,1.12,1.601,0.1475,1
2.484,1.09,1.896,0.1553,1
2.489,1.24,1.717,0.1644,1
2.115,1.09,1.798,0.1575,1
1.908,1.09,1.64,0.1189,1
2.489,1.09,1.481,0.1544,1
2.491,1.24,1.68,0.1681,1
1.71,1.09,1.798,0.1322,1
1.986,1.08,1.549,0.1275,1
2.27,1.09,1.566,0.1503,1
1.705,1.08,1.53,0.1321,1
2.531,1.09,1.621,0.1623,1
2.502,1.22,1.697,0.1649,1
2.383,1.1,1.675,0.1606,1
2.471,1.23,1.731,0.1642,1
1.846,1.09,1.649,0.1283,1
2.336,1.1,1.565,0.1503,1
2.494,1.24,1.71,0.1671,1
1.408,1.21,1.914,0.1425,1
1.526,1.31,1.78,0.1428,1
1.58,1.09,1.617,0.131,1
2.27,1.24,1.62,0.1677,1
2.494,1.09,1.848,0.1534,1
1.809,1.09,1.608,0.1288,1
1.915,1.08,1.653,0.1252,1
2.489,1.11,1.629,0.1606,1
2.542,1.09,1.537,0.1521,1
1.886,1.22,1.837,0.1391,1
1.803,1.12,1.6,0.1328,1
2.316,1.1,1.662,0.1598,1
2.015,1.21,1.732,0.1437,1
1.716,1.22,1.729,0.1394,1
2.391,1.22,1.684,0.1669,1
1.67,1.31,1.985,0.1431,1
1.682,1.18,1.815,0.1363,1
1.62,1.21,1.95,0.1424,1
1.631,1.22,1.526,0.1438,1
1.515,1.22,1.67,0.1424,1
1.707,1.09,2.359,0.1271,1
2.446,1.22,1.677,0.1658,1
1.486,1.21,1.849,0.1397,1
1.881,1.09,1.596,0.1288,1
1.374,1.12,1.691,0.09876,1
0.8681,1.1,1.813,0.08853,1
1.042,1.09,1.7,0.08177,1
1.222,1.08,1.245,0.07787,1
2.123,1.08,0.9204,0.09124,1
2.116,1.07,0.6053,0.0733,1
2.083,0.92,0.5942,0.06103,1
2.071,0.9,0.3644,0.04982,1
2.178,1.41,2.234,0.2082,1
2.807,1.42,2.296,0.2344,1
2.416,1.48,2.448,0.2443,1
2.431,1.49,2.396,0.2611,1
1.982,1.49,1.722,0.1931,1
2.23,1.48,2.456,0.2329,1
2.493,1.48,2.009,0.2114,1
2.335,1.47,2.006,0.1869,1
1.38,1.46,2.253,0.127,1
1.323,1.45,2.1,0.1362,1
1.824,1.46,2.226,0.1489,1
1.82,1.47,2.229,0.156,1
1.463,1.61,2.417,0.1525,1
1.627,1.61,2.375,0.1604,1
2.221,1.44,2.109,0.1613,1
2.673,1.45,1.731,0.1831,1
2.721,1.43,1.706,0.1799,1
2.874,1.59,1.72,0.2012,1
2.85,1.42,1.703,0.2055,1
2.497,1.41,2.179,0.195,1
3.013,1.42,1.782,0.2116,1
2.975,1.41,2.167,0.2221,1
1.427,1.21,1.704,0.1382,1
2.102,1.22,1.775,0.1656,1
1.629,1.09,1.972,0.1293,1
1.545,1.09,2.261,0.1254,1
2.446,1.08,1.715,0.1544,1
1.266,1.09,1.745,0.1277,1
1.842,1.09,1.649,0.1216,1
1.967,1.09,1.739,0.1304,1
2.039,1.21,1.713,0.1419,1
2.409,1.08,1.692,0.1585,1
2.396,1.22,1.711,0.1612,1
1.956,1.23,1.925,0.1619,1
2.229,1.23,1.834,0.1652,1
2.371,1.23,1.688,0.1671,1
1.756,1.22,1.668,0.1435,1
1.718,1.24,2.355,0.1662,1
2.262,1.22,1.672,0.1601,1
1.977,1.09,1.576,0.1211,1
1.929,1.08,1.602,0.1299,1
2.498,1.24,1.701,0.1676,1
2.289,1.1,1.572,0.1513,1
1.649,1.22,2.464,0.1667,1
1.453,1.09,1.761,0.1313,1
1.594,1.09,2.539,0.1614,1
2.393,1.18,1.7,0.1598,1
1.44,1.31,1.834,0.1444,1
1.446,1.09,2.399,0.1265,1
1.605,1.22,1.942,0.1388,1
1.651,1.22,2.388,0.1634,1
1.946,1.12,1.339,0.1297,1
2.409,1.12,1.494,0.1507,1
2.402,1.09,1.945,0.155,1
2.525,1.21,1.684,0.1629,1
1.571,1.08,1.605,0.1316,1
1.862,1.09,1.595,0.13,1
2.431,1.1,1.623,0.1508,1
1.597,1.1,1.49,0.1323,1
2.168,1.1,1.674,0.1567,1
1.476,1.09,1.906,0.133,1
1.662,1.22,2.236,0.1673,1
1.521,1.08,1.611,0.1294,1
1.935,1.08,1.642,0.126,1
1.779,1.2,1.362,0.1414,1
1.814,1.08,1.383,0.1337,1
1.944,1.1,1.692,0.1314,1
1.583,1.08,1.86,0.1279,1
2.417,1.22,1.758,0.1654,1
2.398,1.23,1.649,0.1633,1
1.892,1.24,2.16,0.1677,1
1.402,1.1,2.455,0.123,1
1.969,1.09,1.602,0.1292,1
1.646,1.22,2.333,0.1601,1
2.496,1.23,1.779,0.1663,1
1.967,1.21,1.973,0.1667,1
1.813,1.1,1.598,0.1336,1
1.696,1.22,2.432,0.1633,1
2.507,1.21,1.743,0.1613,1
1.899,1.09,1.832,0.1343,1
1.352,1.09,2.428,0.122,1
0.9117,0.91,1.791,0.07881,1
1.045,0.9,1.652,0.06848,1
1.645,1.22,1.921,0.1291,1
1.646,1.1,2.084,0.1161,1
1.926,1.09,1.919,0.1486,1
1.731,1.31,2.031,0.1455,1
2.108,1.22,1.843,0.1618,1
1.874,1.21,1.519,0.1405,1
1.685,1.22,2.469,0.1642,1
2.202,1.08,1.621,0.1497,1
1.833,1.09,2.512,0.1542,1
1.574,1.22,2.537,0.1579,1
1.528,1.09,1.6,0.1287,1
1.739,1.1,2.487,0.1568,1
1.89,1.09,1.246,0.1333,1
1.842,1.09,1.832,0.131,1
2.473,1.21,1.675,0.1643,1
2.496,1.21,1.725,0.1571,1
2.466,1.11,1.556,0.1495,1
2.457,1.22,1.718,0.1661,1
1.985,1.1,1.784,0.147,1
1.816,1.1,1.598,0.1318,1
2.473,1.22,1.658,0.1626,1
2.412,1.09,1.685,0.157,1
2.527,1.09,1.552,0.1526,1
1.725,1.1,1.592,0.1314,1
1.674,1.09,1.828,0.1316,1
1.937,1.21,1.597,0.1415,1
1.502,1.21,1.855,0.1397,1
2.469,1.24,1.679,0.1668,1
2.318,1.21,1.704,0.1616,1
1.614,1.11,2.53,0.1598,1
1.91,1.09,1.598,0.1207,1
2.112,1.24,1.907,0.1692,1
1.863,1.08,1.322,0.1343,1
1.858,1.08,1.604,0.1305,1
1.647,1.09,1.811,0.1337,1
1.736,1.22,1.772,0.1395,1
2.425,1.22,1.718,0.1633,1
2.026,1.22,1.653,0.1435,1
1.842,1.08,1.576,0.1294,1
2.467,1.22,1.664,0.1644,1
1.709,1.23,1.972,0.1391,1
1.695,1.22,2.505,0.1611,1
1.375,1.09,1.884,0.134,1
1.81,1.22,2.281,0.1629,1
2.505,1.22,1.715,0.165,1
1.682,1.22,2.528,0.1639,1
1.884,1.1,1.581,0.1295,1
1.707,1.1,1.607,0.1327,1
1.297,1.08,2.009,0.131,1
2.522,1.22,1.743,0.1614,1
2.196,1.09,1.571,0.1486,1
1.974,1.09,1.463,0.1294,1
1.859,1.09,1.947,0.1429,1
1.493,1.08,1.955,0.1314,1
2.533,1.22,1.645,0.1651,1
2.325,1.09,1.886,0.155,1
1.687,1.09,1.613,0.1306,1
1.503,1.22,1.634,0.1401,1
1.728,1.08,1.26,0.1256,1
2.258,1.1,1.638,0.1571,1
2.548,1.23,1.759,0.1612,1
1.69,1.23,2.11,0.165,1
1.791,1.08,1.737,0.1318,1
1.765,1.09,1.242,0.09934,1
0.9236,0.91,1.791,0.08256,1
2.065,0.92,1.349,0.09298,1
0.8919,0.9,1.136,0.04138,1
2.056,1.1,1.128,0.09555,1
1.572,1.09,1.977,0.133,1
1.593,1.09,2.007,0.1346,1
1.592,1.09,1.787,0.1341,1
1.834,1.08,1.609,0.1291,1
1.938,1.09,1.565,0.1329,1
1.58,1.08,1.665,0.1265,1
2.488,1.23,1.706,0.166,1
1.754,1.21,1.375,0.1422,1
1.74,1.1,2.442,0.1597,1
1.67,1.08,2.391,0.1245,1
1.793,1.23,2.075,0.1647,1
1.364,1.09,1.877,0.1309,1
2.407,1.12,1.62,0.1511,1
1.628,1.22,1.503,0.1432,1
1.544,1.09,1.754,0.1321,1
2.133,1.09,1.942,0.1539,1
1.825,1.09,1.255,0.1323,1
1.688,1.22,2.286,0.1628,1
2.427,1.09,1.883,0.1557,1
1.871,1.1,1.572,0.13,1
2.515,1.08,1.563,0.1529,1
2.509,1.23,1.731,0.1632,1
1.656,1.23,2.267,0.1626,1
1.645,1.1,2.15,0.1576,1
1.841,1.12,1.621,0.1341,1
1.827,1.09,1.864,0.1328,1
1.809,1.09,1.644,0.1304,1
1.817,1.09,1.631,0.129,1
1.24,1.1,1.932,0.1303,1
1.924,1.1,2.041,0.1262,1
1.192,1.08,1.89,0.1287,1
1.687,1.22,2.143,0.1652,1
1.709,1.09,2.336,0.127,1
1.655,1.21,1.777,0.139,1
1.24,1.1,1.774,0.1252,1
1.574,0.96,1.544,0.1247,1
1.599,1.09,1.43,0.1013,1
2.467,1.1,1.706,0.1622,1
1.74,1.22,1.637,0.1399,1
2.462,1.1,1.621,0.1488,1
1.896,1.09,1.722,0.1335,1
2.425,1.09,1.674,0.1584,1
1.242,1.08,1.92,0.131,1
1.83,1.08,1.597,0.131,1
1.861,1.09,2.159,0.1258,1
2.537,1.09,1.659,0.1568,1
1.375,1.09,1.912,0.1321,1
2.445,1.09,1.55,0.1492,1
1.996,1.08,1.548,0.1294,1
2.477,1.21,1.65,0.1652,1
1.982,1.09,1.555,0.1222,1
1.855,1.22,1.689,0.1391,1
1.788,1.22,1.322,0.1411,1
2.295,1.09,1.595,0.1531,1
2.175,1.09,1.9,0.157,1
2.519,1.23,1.736,0.1678,1
1.439,1.21,1.77,0.1401,1
1.846,1.1,1.701,0.1339,1
2.139,1.08,1.623,0.1531,1
2.511,1.22,1.715,0.1636,1
2.394,1.23,1.762,0.1615,1
1.606,1.09,2.431,0.1589,1
2.239,1.08,1.809,0.151,1
1.808,1.09,1.887,0.1345,1
1.306,1.09,2.519,0.1262,1
1.723,1.09,1.987,0.1314,1
1.276,1.08,1.993,0.1324,1
1.761,1.24,1.337,0.1447,1
1.721,1.21,2.032,0.1411,1
1.844,1.12,2.022,0.1492,1
1.462,1.22,1.757,0.1397,1
1.951,1.09,1.857,0.1506,1
1.563,1.09,1.928,0.1321,1
1.632,1.24,2.217,0.1681,1
1.374,1.08,1.957,0.1312,1
1.592,1.09,2.201,0.1494,1
2.492,1.22,1.732,0.1639,1
1.553,1.08,1.843,0.1324,1
1.861,1.09,1.608,0.1294,1
2.362,1.09,1.601,0.1525,1
1.303,1.1,1.657,0.1298,1
1.599,1.22,1.684,0.1424,1
1.72,1.22,1.353,0.1392,1
2.455,1.23,1.658,0.1675,1
2.513,1.23,1.695,0.1623,1
1.811,1.12,1.634,0.1316,1
1.986,1.09,1.928,0.1552,1
1.736,1.1,2.016,0.1357,1
1.84,1.08,1.599,0.1306,1
2.431,1.22,1.705,0.1601,1
1.667,1.09,1.39,0.1283,1
1.694,1.22,2.482,0.1618,1
2.386,1.09,1.598,0.1486,1
1.829,1.1,1.6,0.1286,1
2.542,1.09,1.659,0.1607,1
1.62,1.1,1.767,0.1316,1
1.624,1.09,2.203,0.1275,1
4.312,1.22,1.809,0.2789,1
1.903,1.31,2.013,0.1708,1
2.47,1.09,1.874,0.155,1
2.502,1.22,1.738,0.1665,1
1.577,1.1,1.777,0.1356,1
2.474,1.23,1.669,0.1646,1
2.42,1.24,1.705,0.1651,1
1.531,1.31,1.803,0.1433,1
1.351,1.09,2.491,0.1248,1
1.787,1.21,1.329,0.138,1
1.68,1.22,2.105,0.167,1
1.787,1.09,1.979,0.1337,1
1.777,1.08,1.588,0.1314,1
2.46,1.22,1.726,0.1643,1
1.718,1.21,1.587,0.1402,1
1.783,1.09,1.598,0.1309,1
2.259,1.09,1.801,0.1498,1
2.467,1.22,1.71,0.1608,1
1.915,1.09,1.147,0.09975,1
1.829,1.09,1.588,0.1301,1
1.741,1.22,1.728,0.1395,1
2.512,1.24,1.769,0.1659,1
1.907,1.08,1.266,0.1306,1
2.239,1.09,1.756,0.1458,1
1.792,1.31,1.658,0.1442,1
1.692,1.23,2.165,0.1609,1
2.269,1.24,1.665,0.1638,1
2.013,1.08,1.508,0.1307,1
1.843,1.1,1.854,0.1324,1
1.531,1.08,1.958,0.1281,1
2.441,1.22,1.717,0.1608,1
1.774,1.09,1.614,0.1211,1
2.42,1.17,1.624,0.1654,1
2.483,1.23,1.681,0.1668,1
1.924,1.09,1.638,0.1265,1
1.854,1.08,1.583,0.129,1
2.475,1.09,1.61,0.1583,1
2.448,1.09,1.588,0.1555,1
1.649,1.09,1.608,0.1329,1
1.398,1.31,1.837,0.1438,1
2.383,1.23,1.695,0.1654,1
1.666,1.09,1.428,0.129,1
2.479,1.3,1.752,0.1695,1
2.506,1.22,1.725,0.1622,1
1.774,1.09,1.736,0.1324,1
1.652,1.22,2.327,0.1605,1
1.561,1.09,1.607,0.132,1
1.727,1.08,2.094,0.1519,1
2.128,1.09,1.64,0.1471,1
2.515,1.22,1.612,0.1656,1
2.509,1.22,1.657,0.1664,1
2.068,1.24,1.85,0.165,1
1.523,1.09,2.469,0.1577,1
1.713,1.08,2.301,0.1541,1
1.579,1.09,2.462,0.1571,1
2.265,1.12,1.613,0.1565,1
1.737,1.09,1.567,0.1308,1
1.697,1.07,1.602,0.1301,1
1.768,1.08,1.586,0.1283,1
1.935,1.09,1.376,0.1275,1
2.513,1.1,1.764,0.1509,1
2.503,1.23,1.703,0.1611,1
2.416,1.22,1.754,0.1666,1
2.335,1.22,1.632,0.1665,1
1.668,1.1,1.778,0.1323,1
1.713,1.12,1.599,0.1314,1
1.711,1.24,1.397,0.1445,1
2.418,1.23,1.705,0.1615,1
2.253,1.22,1.666,0.1664,1
2.504,1.23,1.804,0.1687,1
1.692,1.22,2.232,0.1614,1
1.9,1.09,1.756,0.1327,1
1.8,1.09,2.175,0.1558,1
1.726,1.22,1.985,0.1399,1
1.791,1.09,1.599,0.1298,1
1.71,1.09,2.328,0.1264,1
2.533,1.22,1.751,0.1676,1
1.356,1.09,1.882,0.1307,1
1.859,1.08,1.585,0.1291,1
1.462,1.09,1.62,0.09936,1
2.494,1.22,1.69,0.1663,1
1.616,1.09,1.898,0.1311,1
1.675,1.11,2.173,0.1609,1
1.935,1.09,1.681,0.1321,1
1.822,1.08,1.604,0.1302,1
2.385,1.22,1.711,0.165,1
1.507,1.09,1.582,0.1268,1
1.55,1.23,1.736,0.1417,1
1.835,1.31,1.399,0.1456,1
2.332,1.22,1.614,0.1653,1
1.456,1.22,1.796,0.1426,1
1.892,1.09,1.642,0.1279,0
1.889,1.08,1.597,0.1288,0
1.635,1.22,2.21,0.1647,0
1.774,1.09,1.611,0.1308,0
1.892,1.21,1.811,0.1402,0
2.205,1.21,1.628,0.1654,0
2.474,1.09,1.952,0.1556,0
1.57,1.1,1.909,0.1292,0
1.645,1.22,2.159,0.1653,0
1.988,1.08,1.634,0.1323,0
1.392,1.08,1.929,0.1251,0
1.808,1.1,1.587,0.1296,0
2.378,1.22,1.707,0.1707,0
1.916,1.09,2.052,0.1542,0
2.476,1.1,1.405,0.1241,0
1.208,1.08,1.885,0.1309,0
1.914,1.11,1.572,0.1292,0
2.423,1.22,1.655,0.17,0
1.804,1.22,1.736,0.1431,0
1.798,1.21,1.746,0.1387,0
1.762,1.22,2.324,0.1649,0
1.607,1.09,1.548,0.1314,0
2.402,1.09,1.459,0.1224,0
1.841,1.1,2.293,0.1604,0
1.584,1.12,1.964,0.1316,0
1.713,1.22,2.357,0.1657,0
1.576,1.09,1.462,0.1288,0
2.536,1.1,1.64,0.1604,0
1.58,1.09,1.61,0.1302,0
2.534,1.1,1.243,0.1281,0
1.663,1.22,2.323,0.1663,0
2.453,1.22,1.67,0.1659,0
1.745,1.21,1.886,0.1387,0
1.934,1.1,2.11,0.1613,0
1.531,1.21,1.722,0.1394,0
2.049,1.09,1.927,0.1547,0
2.39,1.09,1.586,0.1468,0
1.797,1.07,1.285,0.129,0
1.958,1.09,1.08,0.1007,0
1.572,1.09,1.671,0.1242,0
1.915,1.21,1.697,0.1394,0
2.008,1.22,1.991,0.1651,0
2.313,1.07,1.678,0.1489,0
1.511,1.1,1.528,0.09868,0
1.89,1.08,1.383,0.1322,0
2.501,1.22,1.672,0.1655,0
1.601,1.08,1.649,0.131,0
2.535,1.1,1.539,0.1548,0
1.384,1.1,1.655,0.1303,0
1.78,1.22,1.79,0.1426,0
1.643,1.09,2.506,0.1479,0
1.681,1.09,1.84,0.1344,0
1.898,1.09,1.431,0.1316,0
1.987,1.09,1.519,0.1224,0
2.424,1.22,1.684,0.16,0
1.832,1.08,1.221,0.1286,0
1.864,1.1,1.274,0.1006,0
1.591,1.08,1.638,0.1278,0
1.909,1.07,1.231,0.1279,0
1.672,1.08,1.581,0.1283,0
1.989,1.09,1.578,0.1252,0
2.061,1.22,1.776,0.1617,0
1.297,1.1,1.705,0.1295,0
2.24,1.22,1.673,0.1611,0
1.558,1.08,1.543,0.1269,0
2.394,1.22,1.756,0.165,0
1.595,1.07,2.341,0.1507,0
1.905,1.09,1.96,0.154,0
2.417,1.21,1.715,0.1635,0
1.644,1.09,1.582,0.1263,0
1.796,1.22,1.772,0.1396,0
1.79,0.96,1.23,0.1257,0
1.264,1.09,1.846,0.1328,0
1.553,1.09,1.556,0.1266,0
1.828,1.09,1.622,0.1327,0
2.518,1.22,1.775,0.1652,0
2.422,1.22,1.679,0.1695,0
1.971,1.09,1.815,0.1325,0
1.571,1.08,1.927,0.1301,0
1.697,1.31,1.839,0.1454,0
1.642,1.08,1.589,0.1301,0
1.668,1.22,2.497,0.1658,0
2.03,1.22,1.706,0.1413,0
1.752,1.1,1.237,0.1296,0
1.375,1.08,1.915,0.1334,0
1.642,1.08,1.591,0.1278,0
1.612,1.12,2.365,0.1509,0
1.726,1.22,1.82,0.1398,0
0.8862,1.1,1.758,0.0903,0
1.246,1.08,1.296,0.07868,0
1.891,1.08,1.236,0.07137,0
1.481,0.91,0.6016,0.05053,0
0.5175,1.46,0.6106,0.03344,3
0.542,1.58,0.6655,0.03411,3
0.566,1.59,0.5353,0.03308,3
0.4299,1.59,0.528,0.02921,3
0.4846,1.58,0.706,0.03308,3
0.4219,1.45,0.6762,0.03049,3
0.5293,1.51,0.6984,0.03887,3
0.4616,1.49,0.484,0.02925,3
0.5122,1.49,0.4914,0.02744,3
0.4651,1.51,0.5599,0.02936,3
0.3971,1.51,0.597,0.0311,3
0.4678,1.5,0.6121,0.03205,3
0.4599,1.5,0.7263,0.03417,3
0.4644,1.5,0.604,0.03403,3
0.4674,1.49,0.6399,0.02813,3
0.507,1.39,0.5037,0.0228,3
0.5141,1.4,0.5672,0.02546,3
0.4563,1.38,0.543,0.02403,3
0.5421,1.41,0.524,0.02557,3
0.5279,1.4,0.5362,0.0236,3
0.4416,1.4,0.5023,0.02312,3
0.5599,1.41,0.4387,0.02644,3
0.4047,1.4,0.5118,0.02434,3
0.4707,1.39,0.5631,0.02761,3
0.415,1.41,0.5544,0.02791,3
0.5409,1.4,0.4929,0.02549,3
0.5023,1.41,0.4765,0.02554,3
0.5469,1.41,0.4275,0.02718,3
0.4522,1.42,0.5705,0.02597,3
0.5191,1.42,0.4841,0.02681,3
0.6194,1.42,0.4059,0.02619,3
0.588,1.43,0.5839,0.02624,3
0.4735,1.41,0.4845,0.02477,3
0.5346,1.44,0.5845,0.02508,3
0.5439,1.44,0.5692,0.02773,3
0.5808,1.44,0.5477,0.02756,3
0.5636,1.42,0.4801,0.03024,3
0.6131,1.43,0.4077,0.02874,3
0.6244,1.43,0.581,0.03253,3
0.5833,1.23,0.4759,0.02925,3
0.5173,1.43,0.537,0.03212,3
0.6271,1.45,0.5331,0.03703,3
0.5886,1.43,0.5193,0.03231,3
0.5502,1.43,0.5229,0.0318,3
0.4666,1.43,0.5651,0.03164,3
0.4136,1.44,0.5952,0.02989,3
0.3918,1.44,0.6292,0.03064,3
0.438,1.44,0.5863,0.02709,3
0.4089,1.44,0.5936,0.02883,3
0.4103,1.44,0.6394,0.02821,3
0.396,1.44,0.5829,0.02775,3
0.3929,1.43,0.6114,0.03083,3
0.4648,1.43,0.5589,0.03018,3
0.5859,1.43,0.4284,0.03249,3
0.5731,1.43,0.4755,0.03032,3
0.6183,1.43,0.5226,0.03052,3
0.5148,1.43,0.8237,0.03248,3
0.5874,1.43,0.6076,0.03166,3
0.5251,1.43,0.6915,0.03048,3
0.4471,1.44,0.7445,0.03081,3
0.3966,1.44,0.8689,0.03207,3
0.4704,1.43,0.7423,0.0314,3
0.5977,1.44,0.7117,0.03418,3
0.4805,1.43,0.6769,0.03029,3
0.7326,1.43,0.3339,0.02772,3
0.5825,1.43,0.4258,0.02628,3
0.5723,1.43,0.4194,0.02395,3
0.5987,1.43,0.3574,0.0242,3
0.5308,1.58,0.5085,0.02688,3
0.4572,1.59,0.5469,0.02898,3
0.5317,1.6,0.5134,0.03231,3
0.5716,1.61,0.4809,0.03215,3
0.6317,1.6,0.5464,0.03192,3
0.5212,1.59,0.6555,0.02986,3
0.7232,1.58,0.4602,0.0437,3
0.7006,1.58,0.5606,0.04733,3
1.22,1.55,0.4846,0.05582,3
1.089,1.54,0.4597,0.05059,3
1.047,1.54,0.5137,0.04672,3
0.866,1.54,0.4536,0.03412,3
0.5475,1.66,0.6137,0.03623,3
0.6525,1.66,0.5379,0.04381,3
0.897,1.66,0.7358,0.05821,3
0.8577,1.66,0.8885,0.06532,3
0.925,1.48,1.101,0.06659,3
0.4725,1.62,0.5306,0.02895,3
0.7051,1.63,0.6447,0.0355,3
0.5599,1.62,0.4705,0.02836,3
0.6942,1.59,0.4665,0.04124,3
0.7716,1.59,0.5604,0.04877,3
0.7707,1.59,0.6171,0.0455,3
0.6036,1.57,0.3143,0.01643,3
0.5282,1.57,0.3787,0.02495,3
0.7322,1.56,0.4868,0.03535,3
0.7364,1.57,0.5451,0.03602,3
0.502,1.56,0.375,0.02628,3
0.7017,1.53,0.5997,0.04173,3
0.7384,1.53,0.5978,0.04615,3
0.656,1.52,0.5782,0.04211,3
0.4689,1.51,0.4707,0.02399,3
0.4393,1.5,0.3951,0.02669,3
0.7705,1.5,0.5578,0.03942,3
0.6926,1.5,0.5144,0.03993,3
0.5569,1.65,0.4648,0.034,3
0.4675,1.63,0.5212,0.0298,3
0.675,1.63,0.5774,0.04582,3
0.7942,1.62,0.7151,0.05243,3
0.6991,1.61,0.6086,0.04647,3
0.4883,1.61,0.5225,0.03002,3
0.4786,1.6,0.5076,0.03407,3
0.7215,1.59,0.5092,0.03843,3
0.8238,1.58,0.5386,0.03743,3
0.6496,1.49,0.4783,0.03373,3
0.459,1.48,0.536,0.02751,3
0.572,1.49,0.4782,0.03848,3
0.6708,1.32,0.5648,0.04048,3
0.7308,1.48,0.5508,0.04556,3
0.5047,1.61,0.7518,0.03799,3
0.4652,1.59,0.4159,0.02611,3
0.7613,1.58,0.5139,0.03697,3
0.8488,1.47,0.7946,0.04301,3
0.6734,1.61,0.8596,0.04242,3
0.332,1.58,0.4425,0.02557,3
0.5512,1.58,0.5509,0.03838,3
0.67,1.58,0.5199,0.04447,3
0.7192,1.57,0.4738,0.04286,3
0.6112,1.58,0.5311,0.04022,3
0.4173,1.56,0.5139,0.02863,3
0.6633,1.55,0.5544,0.04035,3
0.7811,1.55,0.7268,0.04674,3
0.7099,1.55,0.7337,0.04601,3
0.4116,1.68,0.5564,0.02825,3
0.4604,1.68,0.5958,0.03489,3
0.7886,1.4,0.4742,0.04075,3
0.8241,1.4,0.5242,0.04358,3
0.5751,1.53,0.4981,0.03647,3
0.4,1.54,0.6703,0.02975,3
0.6175,1.55,0.7568,0.04802,3
0.8413,1.56,0.8946,0.05847,3
0.7874,1.58,1.03,0.06045,3
0.4403,1.55,0.4935,0.03155,3
0.461,1.57,0.6193,0.03297,3
0.8356,1.58,0.6108,0.05122,3
0.8515,1.56,0.5933,0.04675,3
0.7015,1.56,0.5012,0.03861,3
0.3587,1.57,0.6661,0.0308,3
0.5281,1.55,0.8106,0.04292,3
0.8243,1.55,0.9267,0.05649,3
0.8163,1.59,0.9154,0.05652,3
0.5573,1.59,1.017,0.04665,3
0.387,1.57,0.5325,0.02898,3
0.6376,1.58,0.6582,0.04252,3
0.7802,1.46,0.64,0.04837,3
0.6567,1.47,0.6775,0.04179,3
0.3581,1.58,0.526,0.02783,3
0.549,1.58,0.8911,0.04878,3
0.7231,1.48,0.8197,0.05809,3
0.7998,1.62,0.8073,0.05958,3
0.6178,1.62,0.9817,0.04716,3
0.354,1.63,0.6863,0.0283,3
0.509,1.63,0.6389,0.03753,3
0.7197,1.49,0.7602,0.04287,3
0.7552,1.49,0.5598,0.0362,3
0.4846,1.64,0.7475,0.03335,3
0.4105,1.41,0.7105,0.03782,3
0.7572,1.57,0.7732,0.04973,3
0.592,1.56,0.6859,0.04303,3
0.5599,1.55,0.6999,0.04415,3
0.451,1.55,0.5579,0.02835,3
0.5807,1.55,0.5599,0.03794,3
0.6532,1.43,0.7761,0.03738,3
0.3311,1.56,0.6293,0.02417,3
0.4878,1.58,0.881,0.04052,3
0.6868,1.42,0.9456,0.05031,3
0.7109,1.3,0.8782,0.04332,3
0.5971,1.59,0.9553,0.04505,3
0.3146,1.62,0.8936,0.02886,3
0.4517,1.59,0.4397,0.02887,3
0.9136,1.6,0.5709,0.0449,3
0.8025,1.6,0.51,0.0418,3
0.5543,1.6,0.6186,0.03471,3
0.5982,1.48,0.592,0.03863,3
0.7508,1.48,0.5386,0.04696,3
0.7168,1.48,0.6945,0.04281,3
0.495,1.49,0.8391,0.03358,3
0.707,1.51,0.4564,0.04012,3
0.8114,1.56,0.5884,0.05156,3
0.6041,1.52,1.457,0.06869,3
0.6948,1.7,1.608,0.0751,3
1.177,1.66,1.693,0.08212,3
1.285,1.72,1.169,0.08381,3
0.8736,1.87,1.494,0.08847,3
0.8884,1.78,1.633,0.1002,3
0.878,1.79,1.754,0.09493,3
0.4661,1.59,0.4514,0.02625,3
0.6335,1.6,0.5531,0.0407,3
0.6423,1.55,0.5696,0.03583,3
0.581,1.46,0.6187,0.0335,3
0.401,1.46,0.5358,0.02464,3
0.6933,1.69,0.5646,0.04045,3
0.4966,1.55,0.4533,0.02061,3
0.6114,1.55,0.4099,0.02619,3
0.5461,1.62,0.5408,0.02994,3
0.4904,1.55,0.4195,0.02299,3
0.8537,1.71,0.5608,0.03861,3
0.6507,1.61,0.6456,0.0376,3
1.591,2.49,0.8048,0.06997,3
0.7243,2.53,1.292,0.06525,3
0.8785,2.53,0.9327,0.04672,3
0.4049,2.55,0.5923,0.02802,3
0.9426,2.57,1.023,0.05024,3
0.8539,2.57,0.8113,0.04488,3
0.9671,2.58,0.4877,0.04149,3
0.9326,2.62,0.6554,0.04936,3
1.029,2.62,0.6655,0.04967,3
0.4571,1.54,0.5511,0.02564,3
0.3597,1.64,0.5953,0.02747,3
0.4259,1.64,0.6999,0.03142,3
0.4669,1.64,0.5952,0.02838,3
0.4598,1.65,0.5162,0.03111,3
0.5176,1.65,0.6478,0.04033,3
0.5028,1.66,0.7086,0.03915,3
0.466,1.58,0.535,0.02845,3
0.3537,1.67,0.4782,0.03012,3
0.456,1.67,0.5241,0.03409,3
0.555,1.66,1.243,0.05564,3
0.5377,1.66,1.108,0.04865,3
0.6217,1.66,1.381,0.05805,3
0.59,1.69,1.047,0.04811,3
0.6858,1.69,1.25,0.05538,3
0.5986,1.69,0.829,0.03719,3
0.8401,1.7,0.7421,0.05653,3
1.18,1.59,0.8254,0.06917,3
1.126,1.59,0.7955,0.0628,3
1.079,1.6,1.025,0.057,3
0.8185,1.53,0.6037,0.04441,3
0.9203,1.6,0.6331,0.05036,3
0.8309,1.71,0.6389,0.04897,3
0.5485,1.59,0.6464,0.03064,3
0.5553,1.62,0.8245,0.03975,3
0.8276,1.63,0.5821,0.04846,3
0.5191,1.64,0.5371,0.03285,3
0.5297,1.56,0.6052,0.03022,3
0.5999,1.65,0.7311,0.04327,3
0.6509,1.66,0.7267,0.04106,3
0.4352,1.57,0.6154,0.0294,3
0.6193,1.59,0.7604,0.03685,3
0.7431,1.69,0.6547,0.0391,3
0.5696,1.6,0.5356,0.03268,3
0.6151,1.6,0.5819,0.03522,3
0.599,1.7,0.7167,0.03921,3
0.5754,1.61,0.7447,0.03968,3
0.4873,1.54,0.5485,0.02888,3
0.4627,1.62,0.6269,0.03511,3
0.6468,1.71,0.7093,0.04083,3
0.6569,1.63,0.5503,0.03734,3
0.5611,1.63,0.5801,0.02907,3
0.5652,1.65,0.7515,0.03858,3
0.4897,1.64,0.8771,0.03493,3
0.4645,1.57,0.4598,0.02752,3
0.4953,1.66,0.575,0.03594,3
0.4965,1.66,0.6496,0.03802,3
0.485,1.58,0.4575,0.02763,3
0.6182,1.59,0.8315,0.04126,3
0.6652,1.67,0.8639,0.04536,3
0.6056,1.67,0.7466,0.04179,3
0.5216,1.6,0.6595,0.03226,3
0.5161,1.64,0.7846,0.04053,3
0.6256,1.65,0.7764,0.0402,3
0.5825,1.57,0.4887,0.03167,3
0.6172,1.58,0.723,0.03777,3
0.593,1.67,0.8682,0.04508,3
0.6408,1.59,0.7747,0.03658,3
0.5207,1.59,0.5807,0.02937,3
0.4999,1.6,0.8987,0.0437,3
0.5135,1.63,0.7648,0.03493,3
0.6186,1.54,0.3934,0.02525,3
0.5394,1.58,0.6048,0.0325,3
0.5737,1.59,0.7853,0.03915,3
0.5815,1.59,0.6199,0.03197,3
0.4708,1.59,0.5495,0.03146,3
0.4709,1.68,0.8178,0.04029,3
0.5309,1.5,0.4702,0.02519,3
0.5272,1.45,0.7626,0.03214,3
0.5316,1.56,0.7897,0.0381,3
0.5192,1.56,0.4408,0.02595,3
0.4762,1.56,0.7053,0.03585,3
0.4764,1.61,0.6194,0.0321,3
0.5526,1.49,0.2897,0.02204,3
0.5037,1.51,0.506,0.02797,3
0.5824,1.66,0.7319,0.03791,3
0.6779,1.53,0.3937,0.02772,3
0.5425,1.53,0.8155,0.03363,3
0.5039,1.62,1.019,0.03933,3
0.5207,1.6,0.5456,0.02743,3
0.533,1.61,0.6711,0.02814,3
0.5481,1.51,0.7165,0.03579,3
0.6044,1.52,0.4178,0.02994,3
0.5848,1.66,0.7838,0.04126,3
1.599,1.22,0.9877,0.09583,0
1.576,1.09,1.371,0.09367,0
1.169,1.1,1.716,0.1092,0
1.225,1.08,1.652,0.1195,0
1.685,1.09,1.601,0.1279,0
1.299,1.21,1.803,0.1383,0
1.668,1.08,1.578,0.1296,0
2.42,1.22,1.712,0.1613,0
1.88,1.1,1.257,0.133,0
1.383,1.1,2.439,0.1166,0
1.702,1.22,1.92,0.1447,0
1.28,1.09,1.767,0.1325,0
1.988,1.21,1.709,0.1383,0
1.784,1.1,1.62,0.1285,0
2.406,1.23,1.677,0.1658,0
2.486,1.08,1.579,0.1511,0
1.665,1.22,1.78,0.1392,0
2.016,1.08,1.497,0.1301,0
1.811,1.09,1.6,0.1288,0
2.489,1.22,1.679,0.1651,0
2.399,1.21,1.724,0.1635,0
2.009,1.22,1.714,0.1401,0
1.985,1.09,1.663,0.1318,0
1.785,1.1,1.643,0.127,0
2.434,1.1,1.591,0.1542,0
1.594,1.08,2.297,0.1523,0
2.324,1.22,1.67,0.1618,0
1.768,1.09,1.589,0.1301,0
1.778,1.09,1.607,0.1288,0
2.415,1.22,1.656,0.1686,0
1.894,1.12,1.604,0.1301,0
1.565,1.08,1.587,0.1274,0
2.432,1.08,1.582,0.1494,0
1.465,1.12,1.627,0.1285,0
1.886,1.09,1.792,0.1337,0
1.751,1.21,2.083,0.1607,0
1.875,1.08,1.574,0.1298,0
1.802,1.09,1.643,0.1328,0
2.2,1.22,1.856,0.165,0
1.848,1.09,1.93,0.1306,0
1.917,1.09,1.561,0.1292,0
2.371,1.22,1.65,0.1645,0
1.618,1.21,2.372,0.1565,0
2.23,1.21,1.729,0.1589,0
1.695,1.22,2.505,0.1643,0
2.523,1.09,1.689,0.1598,0
1.662,1.1,1.584,0.1287,0
1.531,1.08,1.997,0.1291,0
1.518,1.08,1.593,0.1296,0
1.588,1.1,2.527,0.1571,0
1.635,1.09,1.922,0.1209,0
2.054,1.22,1.839,0.1641,0
1.906,1.08,1.56,0.1273,0
1.924,1.1,1.609,0.1296,0
2.479,1.22,1.674,0.1675,0
2.537,1.08,1.586,0.1546,0
1.862,1.09,1.193,0.1294,0
2.295,1.08,1.661,0.1176,0
1.676,1.22,2.026,0.1426,0
1.604,1.08,1.58,0.1284,0
1.959,1.21,1.902,0.1606,0
1.895,1.22,1.71,0.1409,0
1.317,1.09,1.661,0.1262,0
1.835,1.22,1.609,0.1384,0
2.421,1.08,1.717,0.1584,0
1.843,1.22,1.865,0.1387,0
2.491,1.08,1.63,0.147,0
2.207,1.22,1.643,0.1674,0
1.941,1.1,1.582,0.1301,0
1.317,1.08,1.7,0.1293,0
2.009,1.08,1.531,0.1302,0
1.479,1.08,2.023,0.1306,0
1.79,1.21,1.758,0.1379,0
2.325,1.08,1.568,0.1474,0
2.457,1.21,1.714,0.1634,0
1.652,1.09,1.886,0.1278,0
2.504,1.08,1.47,0.1527,0
1.665,1.08,1.575,0.1315,0
1.459,1.08,2.45,0.1539,0
1.704,1.22,1.93,0.1383,0
1.627,1.09,2.249,0.1567,0
1.858,1.08,1.576,0.1308,0
1.232,1.09,1.791,0.1285,0
1.902,1.09,1.91,0.1319,0
1.774,1.23,2.421,0.1639,0
1.829,1.09,1.79,0.1306,0
1.822,1.1,1.576,0.1289,0
2.344,1.21,1.671,0.1623,0
2.504,1.1,1.626,0.1514,0
1.791,1.22,1.736,0.1388,0
1.351,1.1,1.663,0.1324,0
2.136,1.09,1.809,0.1542,0
1.558,1.09,1.747,0.1322,0
1.689,1.1,1.567,0.1299,0
1.607,1.09,2.506,0.1581,0
1.667,1.09,1.289,0.1264,0
2.562,1.08,1.574,0.1502,0
2.511,1.08,1.621,0.1592,0
1.36,1.09,1.907,0.1229,0
2.462,1.23,1.702,0.1661,0
2.257,1.22,1.677,0.1637,0
1.799,1.22,1.773,0.1389,0
2.229,1.24,1.624,0.1659,0
2.539,1.09,1.65,0.1572,0
1.79,1.1,1.609,0.1238,0
2.496,1.09,1.681,0.1607,0
1.733,1.09,1.598,0.1304,0
1.365,1.08,1.677,0.1288,0
1.996,1.09,1.84,0.1408,0
1.672,1.21,1.714,0.1393,0
1.728,1.08,1.592,0.127,0
2.061,1.22,1.862,0.1648,0
1.423,1.08,1.618,0.1283,0
1.702,1.22,2.472,0.1602,0
2.002,1.09,1.788,0.1343,0
1.73,1.09,1.918,0.1354,0
1.672,1.1,1.583,0.1225,0
2.498,1.09,1.828,0.1535,0
2.216,1.22,1.687,0.1599,0
1.962,1.08,1.645,0.13,0
1.593,1.09,1.862,0.13,0
1.931,1.09,1.634,0.1237,0
1.643,1.21,2.362,0.1638,0
1.965,1.12,1.512,0.132,0
1.246,1.1,1.723,0.1214,0
1.649,1.1,1.819,0.1251,0
1.703,1.1,1.575,0.1288,0
2.463,1.09,1.707,0.1567,0
2.531,1.09,1.613,0.1566,0
1.419,1.09,1.936,0.1226,0
1.676,1.23,2.314,0.1626,0
1.612,1.09,1.971,0.1256,0
2.511,1.23,1.684,0.1649,0
2.125,1.22,1.724,0.166,0
2.459,1.23,1.697,0.1658,0
1.843,1.08,1.589,0.1288,0
2.419,1.22,1.713,0.1592,0
1.847,1.08,1.598,0.1269,0
1.723,1.08,1.305,0.1286,0
1.873,1.22,1.815,0.138,0
1.997,1.23,1.951,0.1671,0
2.258,1.09,1.705,0.1484,0
2.384,1.1,1.618,0.149,0
1.563,1.1,1.599,0.1289,0
1.642,1.1,1.579,0.13,0
1.744,1.08,1.612,0.1251,0
1.783,1.09,1.65,0.1306,0
2.023,1.31,1.765,0.1463,0
1.705,1.22,2.175,0.1624,0
1.263,1.08,1.939,0.1289,0
1.691,1.22,2.48,0.1596,0
1.569,1.1,1.604,0.1311,0
1.517,1.18,1.805,0.136,0
2.321,1.1,1.589,0.1479,0
2.439,1.22,1.705,0.1614,0
2.414,1.22,1.656,0.1626,0
1.879,1.22,1.703,0.1374,0
1.739,1.09,1.87,0.1329,0
1.809,1.09,1.884,0.1325,0
2.462,1.23,1.698,0.1658,0
2.484,1.09,1.587,0.1536,0
1.276,1.21,1.819,0.136,0
2.354,1.22,1.692,0.1625,0
2.511,1.09,1.825,0.1559,0
1.495,1.09,1.82,0.1318,0
1.938,1.22,1.596,0.1405,0
1.344,1.08,1.897,0.1261,0
2.484,1.1,1.313,0.125,0
1.955,1.22,2.072,0.1657,0
1.701,1.08,1.592,0.1271,0
1.953,1.09,1.663,0.1307,0
2.391,1.23,1.656,0.1642,0
1.704,1.22,2.497,0.1648,0
2.517,1.1,1.634,0.1551,0
1.689,1.08,1.577,0.1275,0
1.698,1.09,2.001,0.1358,0
1.588,1.1,1.566,0.1305,0
1.967,1.08,1.501,0.1305,0
1.953,1.23,1.597,0.1371,0
2.454,1.22,1.653,0.1613,0
1.944,1.09,1.507,0.1297,0
1.714,1.09,1.883,0.1311,0
1.599,1.1,2.496,0.1525,0
1.897,1.09,1.769,0.1338,0
1.716,1.09,1.598,0.1289,0
1.983,1.12,1.585,0.13,0
1.814,1.08,1.61,0.1288,0
2.205,1.23,1.652,0.1671,0
1.889,1.12,1.225,0.1306,0
2.392,1.09,1.64,0.1594,0
1.576,1.1,2.443,0.1602,0
2.258,1.09,1.607,0.154,0
2.346,1.09,1.596,0.1562,0
1.492,1.09,1.615,0.1296,0
1.886,1.22,1.621,0.1398,0
2.321,1.22,1.79,0.1645,0
1.29,1.09,1.856,0.1296,0
2.532,1.23,1.754,0.1651,0
2.478,1.21,1.628,0.1635,0
2.542,1.21,1.598,0.1592,0
1.576,1.09,1.568,0.1268,0
1.735,1.23,1.75,0.1382,0
1.265,1.09,1.773,0.09837,0
2.383,1.09,1.563,0.1478,0
2.527,1.09,1.626,0.16,0
2.432,1.21,1.678,0.1645,0
1.278,1.09,1.847,0.1269,0
2.494,1.22,1.695,0.1644,0
2.237,1.22,1.729,0.1637,0
1.626,1.1,2.483,0.1494,0
1.396,1.08,2.457,0.1391,0
1.217,1.08,2.54,0.1098,0
1.637,1.46,0.7513,0.06575,2
1.636,1.46,0.7123,0.07448,2
1.519,1.48,0.7481,0.07171,2
1.327,1.43,0.7376,0.07313,2
1.575,1.5,0.8076,0.07458,2
1.438,1.51,0.7521,0.07203,2
1.648,1.52,0.7093,0.06943,2
1.528,1.52,0.7695,0.07029,2
1.681,1.45,0.7698,0.06975,2
1.604,1.49,0.7331,0.0707,2
1.561,1.58,0.8049,0.07268,2
1.514,1.56,0.7798,0.06701,2
1.416,1.56,0.8471,0.06884,2
1.659,1.61,0.8304,0.07565,2
1.64,1.63,0.8874,0.08,2
1.745,1.62,0.9033,0.07428,2
1.495,1.64,0.9171,0.07447,2
1.402,1.63,0.9474,0.06993,2
1.398,1.52,0.9153,0.07034,2
1.355,1.66,0.9102,0.06799,2
1.529,1.55,0.93,0.07426,2
1.474,1.55,0.9605,0.06902,2
1.411,1.56,0.9298,0.06992,2
1.498,1.55,0.9478,0.06938,2
1.593,1.58,0.9491,0.07481,2
1.328,1.59,0.8605,0.06746,2
1.336,1.6,0.9424,0.06861,2
1.434,1.61,0.9248,0.07209,2
1.61,1.52,0.9683,0.06815,2
1.446,1.53,0.9324,0.06979,2
1.436,1.54,0.8278,0.0645,2
1.454,1.56,0.9042,0.06901,2
1.375,1.6,0.8572,0.06107,2
1.081,1.62,0.8667,0.05762,2
1.14,1.53,0.801,0.06351,2
1.468,1.55,0.885,0.06768,2
1.421,1.56,0.8829,0.06324,2
1.374,1.6,0.8746,0.0692,2
1.54,1.61,0.7218,0.06969,2
1.596,1.55,0.6947,0.06593,2
1.593,1.57,0.6749,0.06694,2
1.727,1.57,0.6812,0.06784,2
1.537,1.57,0.6957,0.0637,2
1.479,1.57,0.6726,0.06279,2
1.599,1.56,0.7273,0.06729,2
1.134,1.58,0.7695,0.0598,2
1.072,1.49,0.7548,0.06036,2
1.5,1.58,0.7249,0.06686,2
1.333,1.53,0.9742,0.06313,2
0.9319,1.7,0.9764,0.04939,2
1.046,1.79,1.334,0.05569,2
0.7901,1.8,1.44,0.05588,2
0.7306,1.82,1.348,0.06339,2
0.7081,1.82,1.257,0.05657,2
0.7128,1.77,1.446,0.05506,2
0.6893,1.77,1.506,0.0603,2
0.9572,1.79,1.579,0.06525,2
0.9349,1.86,1.566,0.0601,2
0.9785,1.87,1.401,0.05697,2
0.9183,1.95,1.307,0.06095,2
1.152,1.95,1.397,0.07475,2
1.218,1.96,1.457,0.07149,2
1.347,1.9,1.362,0.07039,2
1.258,1.87,1.275,0.07656,2
1.148,1.81,1.309,0.06999,2
1.13,1.84,1.267,0.07034,2
1.256,1.83,1.129,0.08635,2
1.213,1.85,1.368,0.09194,2
1.113,1.88,1.356,0.0854,2
1.325,1.9,1.107,0.09107,2
1.107,1.92,1.349,0.06833,2
1.155,1.87,1.307,0.07754,2
1.164,1.88,1.364,0.06534,2
1.269,1.78,1.301,0.06508,2
1.09,1.78,1.204,0.04819,2
1.012,1.78,1.37,0.04315,2
0.849,1.78,1.217,0.041,2
1.013,1.7,1.279,0.0477,2
1.003,1.76,1.482,0.04828,2
0.9415,1.79,1.105,0.05021,2
1.007,1.8,1.108,0.0511,2
1.041,1.81,1.371,0.05674,2
1.132,1.72,1.12,0.05256,2
0.9318,1.71,1.078,0.04731,2
0.9383,1.59,1.039,0.04787,2
1.087,1.71,1.143,0.05621,2
1.019,1.67,1.368,0.06162,2
1.13,1.81,1.394,0.06512,2
1.078,1.81,1.271,0.05867,2
1.171,1.71,1.299,0.06078,2
1.237,1.7,1.416,0.06862,2
1.277,1.71,1.135,0.05818,2
1.267,1.75,1.251,0.05638,2
1.246,1.75,0.9097,0.05514,2
1.34,1.74,0.8526,0.0602,2
1.335,1.64,0.9216,0.05773,2
1.283,1.63,0.912,0.05669,2
1.263,1.63,1.019,0.05992,2
1.272,1.62,1.036,0.05454,2
1.24,1.6,1.47,0.05861,2
1.324,1.6,1.071,0.05552,2
1.197,1.59,0.8605,0.0561,2
1.291,1.51,0.808,0.05165,2
1.34,1.55,0.8472,0.0545,2
1.356,1.52,0.9822,0.05215,2
1.318,1.58,0.7636,0.05782,2
1.133,1.56,0.8039,0.0554,2
1.171,1.55,0.8607,0.05484,2
1.121,1.55,0.8242,0.05427,2
1.186,1.58,1.079,0.05825,2
1.177,1.58,1.204,0.06228,2
1.126,1.56,1.184,0.05914,2
1.151,1.55,1.259,0.06468,2
1.118,1.53,1.294,0.06299,2
1.158,1.56,1.338,0.06431,2
1.179,1.56,1.298,0.06765,2
1.134,1.56,1.278,0.06703,2
1.153,1.55,1.33,0.06737,2
1.239,1.6,1.357,0.07848,2
1.234,1.59,1.325,0.06767,2
1.226,1.58,1.16,0.0642,2
1.388,1.54,1.186,0.06925,2
1.38,1.54,1.203,0.06729,2
1.378,1.54,1.108,0.06236,2
1.355,1.54,1.055,0.0673,2
1.31,1.52,1.092,0.06871,2
1.305,1.44,1.182,0.06569,2
1.404,1.45,1.117,0.07032,2
1.381,1.47,0.8668,0.07021,2
1.361,1.63,0.9627,0.05841,2
1.385,1.42,0.9508,0.05862,2
1.417,1.34,0.8747,0.05749,2
1.457,1.46,1.094,0.06848,2
1.545,1.41,0.773,0.06057,2
1.622,1.12,1.378,0.115,0
1.392,1.12,1.688,0.154,0
1.439,1.28,1.832,0.1796,0
1.779,1.28,1.571,0.1764,0
1.599,1.28,1.656,0.1775,0
1.871,1.15,1.642,0.1684,0
1.9,1.3,1.621,0.1744,0
2.119,1.29,1.629,0.1707,0
1.659,1.14,2.138,0.168,0
1.728,1.29,1.621,0.1718,0
1.604,1.29,2.064,0.1717,0
1.634,1.14,2.142,0.1694,0
1.503,1.28,1.763,0.1749,0
1.717,1.3,1.584,0.1716,0
2.083,1.29,1.802,0.1813,0
1.521,1.29,2.021,0.1678,0
1.946,1.29,1.713,0.1715,0
1.925,1.15,1.479,0.1713,0
1.753,1.3,2.045,0.1799,0
1.761,1.29,2.071,0.1764,0
1.778,1.3,1.651,0.1731,0
1.854,1.28,1.462,0.168,0
1.571,1.28,1.775,0.1694,0
1.531,1.14,2.01,0.1689,0
2.071,1.28,1.692,0.168,0
1.391,1.28,1.698,0.1717,0
2.002,1.28,1.715,0.1695,0
1.798,1.28,1.504,0.1689,0
1.517,1.14,1.989,0.1691,0
1.526,1.29,1.599,0.1717,0
1.625,1.14,1.826,0.1712,0
1.519,1.3,1.88,0.1711,0
1.491,1.3,1.603,0.1722,0
1.631,1.3,1.905,0.1727,0
1.66,1.28,1.637,0.1679,0
1.548,1.29,1.881,0.1709,0
1.598,1.3,1.497,0.17,0
1.702,1.3,2.052,0.1719,0
1.608,1.3,1.848,0.1737,0
1.889,1.29,1.535,0.1679,0
1.475,1.29,1.864,0.1671,0
1.415,1.29,1.87,0.1688,0
1.564,1.29,1.544,0.1668,0
1.911,1.28,1.535,0.1695,0
1.472,1.29,1.755,0.1809,0
1.953,1.28,1.71,0.1706,0
1.525,1.29,1.879,0.1717,0
2.09,1.27,1.665,0.1746,0
1.621,1.29,2.215,0.1805,0
1.73,1.3,1.626,0.1702,0
1.997,1.28,1.569,0.1744,0
1.727,1.29,1.925,0.1688,0
1.674,1.29,1.953,0.1688,0
1.682,1.29,1.953,0.1685,0
1.606,1.29,1.598,0.1683,0
1.63,1.15,2.093,0.1722,0
1.726,1.29,1.887,0.1668,0
1.968,1.29,1.599,0.1719,0
1.388,1.28,1.685,0.1716,0
2.112,1.14,1.586,0.1687,0
2.008,1.29,1.541,0.1736,0
1.904,1.29,1.737,0.1703,0
1.77,1.12,1.453,0.1649,0
2.06,1.27,1.615,0.17,0
1.954,1.29,1.559,0.1691,0
1.558,1.3,1.499,0.1723,0
1.954,1.29,1.701,0.172,0
1.57,1.3,1.899,0.1723,0
1.906,1.29,1.463,0.1693,0
1.643,1.29,1.554,0.1723,0
2.068,1.28,1.694,0.1678,0
1.821,1.28,1.531,0.1679,0
1.679,1.27,2.099,0.1777,0
1.727,1.29,1.379,0.1713,0
1.611,1.14,1.585,0.1688,0
1.66,1.14,2.044,0.1716,0
1.648,1.29,1.56,0.1718,0
1.836,1.27,1.505,0.1745,0
1.575,1.27,1.906,0.1662,0
1.742,1.29,1.88,0.1683,0
1.676,1.28,1.639,0.17,0
1.532,1.3,1.682,0.1727,0
1.643,1.27,2.094,0.166,0
2.064,1.28,1.763,0.1804,0
2.046,1.29,1.675,0.1715,0
1.609,1.28,1.639,0.1644,0
1.718,1.14,1.616,0.1699,0
1.883,1.27,1.696,0.1672,0
1.619,1.14,2.081,0.1707,0
2.148,1.14,1.681,0.1756,0
1.65,1.3,1.951,0.1725,0
1.605,1.28,1.892,0.1693,0
2.089,1.27,1.646,0.169,0
1.695,1.29,1.643,0.1713,0
1.706,1.28,2.061,0.1782,0
1.723,1.29,2.072,0.1749,0
1.68,1.28,1.557,0.1722,0
1.625,1.3,1.569,0.1737,0
1.591,1.3,2.059,0.1729,0
1.384,1.3,1.669,0.1732,0
1.618,1.3,1.938,0.1681,0
2.007,1.27,1.705,0.175,0
2.053,1.29,1.741,0.177,0
1.665,1.29,1.762,0.1744,0
1.411,1.28,1.706,0.1698,0
1.701,1.28,2.068,0.1668,0
1.425,1.29,1.683,0.171,0
1.923,1.3,1.707,0.1717,0
1.482,1.29,1.59,0.1725,0
1.419,1.29,1.777,0.1682,0
2.08,1.14,1.653,0.1719,0
1.787,1.14,1.56,0.1689,0
1.732,1.3,1.607,0.1743,0
1.738,1.28,1.551,0.1698,0
1.371,1.28,1.682,0.1701,0
1.934,1.28,1.523,0.1687,0
1.858,1.3,1.579,0.1723,0
1.647,1.28,2.047,0.1699,0
1.866,1.29,1.757,0.1684,0
1.734,1.28,2.059,0.1773,0
1.615,1.29,1.444,0.1699,0
1.467,1.29,1.635,0.1709,0
1.585,1.29,2.046,0.1683,0
1.944,1.27,1.561,0.167,0
1.432,1.28,1.738,0.1702,0
1.624,1.3,1.887,0.1718,0
1.455,1.29,1.811,0.1725,0
1.662,1.29,1.597,0.1715,0
1.677,1.3,1.924,0.173,0
1.903,1.28,1.67,0.1636,0
1.422,1.28,1.838,0.1663,0
1.481,1.28,1.793,0.1711,0
1.42,1.29,1.657,0.1683,0
1.538,1.28,1.962,0.1689,0
1.718,1.29,1.907,0.1701,0
1.684,1.27,2.051,0.1682,0
1.703,1.3,1.853,0.1691,0
1.665,1.28,2.105,0.1729,0
1.484,1.28,1.796,0.1669,0
1.974,1.32,1.672,0.1826,0
1.69,1.28,1.968,0.166,0
1.543,1.28,1.898,0.1724,0
2.126,1.14,1.687,0.172,0
1.58,1.29,2.04,0.1726,0
1.7,1.29,1.705,0.1712,0
1.598,1.28,1.578,0.1766,0
1.663,1.3,2.059,0.1706,0
1.671,1.3,2.052,0.1751,0
1.708,1.28,1.501,0.1748,0
1.568,1.28,1.744,0.1682,0
1.724,1.29,1.699,0.174,0
1.599,1.14,2.035,0.1709,0
1.903,1.12,1.765,0.1656,0
1.391,1.3,1.834,0.1787,0
1.589,1.28,1.67,0.1693,0
2.1,1.28,1.699,0.1706,0
2.072,1.28,1.74,0.1781,0
1.959,1.3,1.634,0.1692,0
1.597,1.27,1.614,0.1754,0
1.787,1.29,1.928,0.1722,0
1.604,1.28,1.82,0.1668,0
2.096,1.29,1.58,0.1734,0
1.864,1.3,1.631,0.1797,0
2.52,1.29,1.648,0.1829,0
1.622,1.28,1.575,0.1674,0
2.087,1.29,1.623,0.1691,0
1.636,1.14,1.603,0.1695,0
1.658,1.28,1.901,0.1666,0
1.899,1.29,1.699,0.1717,0
1.688,1.29,2.316,0.1811,0
1.761,1.28,1.493,0.1696,0
1.837,1.29,1.694,0.1702,0
1.783,1.27,1.513,0.1641,0
2.109,1.14,1.648,0.1699,0
1.913,1.14,1.491,0.1694,0
1.613,1.29,2.07,0.1717,0
1.816,1.29,1.621,0.1747,0
1.641,1.14,2.102,0.1674,0
1.747,1.28,1.572,0.1684,0
1.652,1.3,1.898,0.1695,0
1.565,1.28,1.999,0.1733,0
1.623,1.28,1.691,0.1667,0
2.115,1.29,1.623,0.1722,0
1.485,1.29,1.844,0.1739,0
1.56,1.27,1.632,0.1645,0
2.112,1.14,1.634,0.1697,0
1.569,1.3,1.912,0.1756,0
1.656,1.14,2.109,0.1703,0
1.767,1.28,1.559,0.1798,0
1.916,1.3,1.689,0.1735,0
1.896,1.28,1.565,0.1695,0
1.574,1.27,1.679,0.1652,0
1.9,1.3,1.6,0.1722,0
1.388,1.29,1.824,0.1718,0
1.552,1.29,1.95,0.1745,0
1.386,1.29,1.738,0.1683,0
1.985,1.29,1.539,0.1773,0
2.075,1.28,1.753,0.1755,0
1.72,1.28,1.557,0.1695,0
1.842,1.28,1.489,0.1732,0
1.753,1.3,1.588,0.1642,0
1.623,1.29,2.049,0.1708,0
1.453,1.27,1.789,0.1673,0
1.448,1.27,1.806,0.1652,0
1.546,1.3,1.903,0.1745,0
1.515,1.27,1.676,0.1523,0
1.213,1.84,1.239,0.09166,3
1.215,1.85,1.433,0.1077,3
1.333,1.86,1.528,0.1257,3
0.8681,1.86,1.56,0.1182,3
1.024,1.86,1.322,0.09876,3
1.09,1.86,1.236,0.07888,3
1.284,1.86,1.274,0.08219,3
1.244,1.8,1.338,0.1013,3
1.232,1.8,1.309,0.09504,3
1.195,1.79,1.397,0.08215,3
1.079,1.88,1.127,0.07951,3
1.146,1.88,1.181,0.09533,3
1.035,1.87,1.514,0.1065,3
1.031,1.81,1.351,0.09681,3
0.9854,1.81,1.452,0.1015,3
0.7746,1.82,1.328,0.08541,3
0.9263,1.82,1.286,0.07078,3
1.066,1.83,1.358,0.08202,3
0.9804,1.83,1.388,0.09045,3
1.015,1.83,1.427,0.08952,3
0.8188,1.83,1.547,0.08336,3
1.191,1.84,1.453,0.08568,3
1.129,1.84,1.245,0.08702,3
0.987,1.81,1.539,0.101,3
1.223,1.85,1.355,0.09055,3
1.348,1.73,1.322,0.1123,3
1.309,1.76,1.37,0.1152,3
1.347,1.82,1.002,0.1021,3
1.163,1.82,1.344,0.1077,3
1.173,1.83,1.727,0.1157,3
1.233,1.74,1.421,0.1216,3
1.098,1.72,1.43,0.1245,3
1.226,1.73,1.376,0.1101,3
1.374,1.85,1.101,0.0971,3
1.31,1.83,1.568,0.1088,3
1.295,1.85,1.571,0.1273,3
1.195,1.74,1.515,0.137,3
0.7893,1.74,0.6404,0.03925,3
0.8168,1.75,0.5978,0.03974,3
0.6284,1.85,0.5209,0.0312,3
0.5254,1.86,0.6403,0.02996,3
0.5749,1.87,0.6729,0.03508,3
0.7814,1.77,0.7107,0.03836,3
0.7995,1.8,0.7496,0.04186,3
0.6361,1.79,0.7034,0.03576,3
0.5469,1.88,0.4421,0.02962,3
0.5342,1.89,0.6385,0.03836,3
0.7991,1.8,0.5459,0.04067,3
0.8642,1.8,0.5266,0.04169,3
0.9485,1.8,0.6353,0.04428,3
0.7504,1.8,0.5889,0.0355,3
0.558,1.9,0.5807,0.03017,3
0.5444,1.9,0.6621,0.03327,3
0.8404,1.81,0.7034,0.0403,3
0.8093,1.8,0.5175,0.03942,3
0.794,1.8,0.5886,0.03906,3
0.6102,1.8,0.6564,0.033,3
0.5904,1.8,0.4374,0.0308,3
0.6124,1.8,0.4808,0.03419,3
1.044,1.8,0.4568,0.04016,3
0.8704,1.8,0.4651,0.04206,3
0.8028,1.8,0.5164,0.03763,3
0.4564,1.8,0.6206,0.02838,3
1.802,1.8,0.6376,0.09793,3
0.6922,1.78,1.631,0.1023,3
0.758,1.79,1.62,0.1032,3
0.764,1.78,1.406,0.09928,3
0.944,1.77,1.353,0.1003,3
0.8434,1.77,1.233,0.08957,3
0.8971,1.77,1.205,0.0928,3
0.8065,1.78,1.358,0.1001,3
0.8182,1.78,1.455,0.09408,3
0.9131,1.78,1.154,0.09551,3
0.8906,1.78,1.232,0.0885,3
0.7355,1.83,1.392,0.07586,3
0.6151,1.83,1.36,0.08507,3
0.7462,1.82,1.281,0.09236,3
0.93,1.81,1.136,0.09836,3
0.9155,1.83,1.281,0.1097,3
0.7599,1.83,1.304,0.1016,3
0.7207,1.83,1.333,0.08896,3
0.64,1.83,1.362,0.07723,3
0.7942,1.83,1.336,0.09483,3
0.8349,1.83,1.34,0.1032,3
1.404,1.83,1.191,0.1112,3
0.428,1.74,0.716,0.03061,3
0.426,1.72,0.4662,0.02421,3
0.5882,1.74,0.4371,0.02917,3
0.7396,1.74,0.4568,0.0335,3
0.8532,1.76,0.4476,0.0356,3
0.7298,1.75,0.475,0.03481,3
0.6508,1.74,0.4354,0.03242,3
0.5703,1.75,0.4081,0.02715,3
0.5273,1.75,0.4442,0.0317,3
0.7343,1.77,0.5118,0.03522,3
0.8509,1.76,0.5684,0.03741,3
1.223,1.82,1.722,0.1387,3
0.6571,1.77,0.7313,0.03672,3
0.4468,1.77,0.5447,0.02821,3
0.5449,1.76,0.4644,0.03083,3
0.8081,1.76,0.4917,0.03995,3
0.7345,1.76,0.4986,0.03665,3
0.788,1.76,0.4892,0.0404,3
0.7678,1.76,0.5091,0.0381,3
0.4553,1.85,0.4563,0.0297,3
1.024,1.93,1.326,0.08655,3
0.9074,1.81,1.56,0.1053,3
1.133,1.81,1.528,0.1266,3
1.163,1.81,1.547,0.1217,3
1.617,1.91,0.8487,0.1026,3
0.5656,1.82,0.4769,0.03003,3
1.175,1.9,1.283,0.1029,3
0.3735,1.73,0.7402,0.03425,3
0.7258,1.72,0.7658,0.04124,3
0.6563,1.73,0.8413,0.03913,3
0.7058,1.72,0.6648,0.03727,3
0.5034,1.86,0.5758,0.03263,3
0.61,1.85,0.4327,0.033,3
1.415,1.86,1.309,0.1197,3
1.099,1.75,1.724,0.1251,3
1.559,1.74,0.816,0.1171,3
0.5566,1.87,0.7123,0.04065,3
0.5813,1.86,0.5637,0.03296,3
0.491,1.85,0.5889,0.03322,3
1.276,1.85,1.264,0.1173,3
1.219,1.73,1.492,0.1201,3
1.146,1.73,1.368,0.1149,3
1.045,1.85,1.31,0.09559,3
0.865,1.85,1.171,0.0844,3
0.9572,1.85,1.18,0.0808,3
0.9313,1.84,1.451,0.09911,3
0.9121,1.73,1.504,0.1014,3
1.074,1.73,1.406,0.09521,3
0.8145,1.85,1.253,0.08699,3
0.8692,1.85,1.216,0.09431,3
1.249,1.85,0.9838,0.1033,3
0.5199,1.8,0.7993,0.03751,3
0.676,1.67,0.6072,0.03988,3
1.251,1.73,1.323,0.1099,3
0.9998,1.86,1.424,0.09951,3
0.9711,1.86,1.651,0.08929,3
0.8897,1.86,1.98,0.09315,3
1.057,1.86,1.424,0.09833,3
1.023,1.73,1.464,0.09832,3
1.129,1.73,1.377,0.09608,3
1.077,1.85,1.196,0.0914,3
1.328,1.85,0.6269,0.08888,3
0.5527,1.82,0.5997,0.02986,3
1.32,1.81,1.254,0.1034,3
1.166,1.68,1.432,0.1043,3
1.11,1.66,1.291,0.09355,3
1.134,1.69,1.244,0.08389,3
0.9476,1.72,1.166,0.07424,3
0.8992,1.56,1.177,0.07381,3
0.9071,1.64,1.233,0.07566,3
1.028,1.59,1.252,0.0747,3
0.7727,1.68,1.266,0.07492,3
0.7475,1.36,0.4251,0.03313,3
0.442,1.36,0.7014,0.02652,3
0.346,1.43,0.4675,0.02146,3
0.8804,1.42,1.004,0.05961,3
0.9877,1.63,0.9899,0.06919,3
1.089,1.51,1.027,0.07898,3
1.24,1.75,0.8625,0.08532,3
1.398,1.77,0.7383,0.09845,3
1.322,1.62,0.8074,0.09162,3
0.6644,1.51,1.336,0.09279,3
0.6758,1.5,0.3412,0.02872,3
0.5003,1.6,0.5653,0.02841,3
0.3747,1.6,0.5537,0.02888,3
0.4349,1.59,0.6201,0.02985,3
0.4147,1.4,0.6554,0.02982,3
0.4325,1.4,0.728,0.03033,3
0.3704,1.38,0.5322,0.02579,3
0.4034,1.27,0.4173,0.02175,3
0.5661,1.32,0.4648,0.02694,3
0.541,1.43,0.5873,0.03189,3
0.4565,1.43,0.5498,0.02751,3
0.4595,1.43,0.583,0.02699,3
0.498,1.68,0.5242,0.03043,3
0.3794,1.68,0.583,0.035,3
0.3524,1.69,0.614,0.03126,3
0.5007,1.7,0.5659,0.03044,3
0.6554,1.69,0.5013,0.03458,3
0.6222,1.7,0.6282,0.03719,3
0.5905,1.7,0.7364,0.03898,3
0.6379,1.71,0.7139,0.04353,3
0.6361,1.72,0.6022,0.03732,3
0.4373,1.73,0.6218,0.02971,3
1.542,1.86,0.9145,0.09578,3
1.302,1.86,1.195,0.09803,3
1.124,1.87,1.31,0.09601,3
0.9422,1.76,1.27,0.07598,3
0.8485,1.76,1.29,0.07757,3
1.026,1.75,1.275,0.09231,3
0.9998,1.73,1.297,0.08183,3
1.146,1.74,1.252,0.08263,3
1.16,1.72,1.163,0.08569,3
1.062,1.7,1.204,0.08073,3
0.9311,1.69,1.197,0.0649,3
1.033,1.69,1.178,0.07703,3
0.9011,1.68,1.168,0.06988,3
1.08,1.68,1.007,0.06901,3
1.057,1.65,1.204,0.07339,3
1.094,1.67,1.108,0.07193,3
1.253,1.64,1.129,0.07612,3
1.074,1.66,1.221,0.08228,3
0.9763,1.64,1.195,0.07089,3
1.109,1.64,1.103,0.06721,3
0.9492,1.65,1.189,0.07003,3
1.014,1.64,1.053,0.06493,3
1.147,1.63,1.134,0.07908,3
1.057,1.63,1.163,0.07723,3
1.116,1.62,1.125,0.07213,3
1.073,1.62,1.247,0.07461,3
1.211,1.61,1.133,0.0791,3
1.272,1.36,0.9899,0.07534,3
1.11,1.59,1.208,0.07915,3
1.048,1.58,1.235,0.07126,3
1.031,1.58,1.082,0.06679,3
0.9389,1.57,1.088,0.06384,3
0.9912,1.58,1.157,0.08104,3
0.9599,1.56,1.246,0.07136,3
1.116,1.57,1.189,0.08672,3
1.029,1.56,0.9783,0.06047,3
1.158,1.76,1.033,0.07345,3
1.042,1.76,1.188,0.07911,3
1.117,1.76,1.276,0.09082,3
1.095,1.76,1.213,0.07968,3
1.091,1.76,1.08,0.07003,3
1.19,1.74,1.049,0.07196,3
0.9633,1.74,1.189,0.07,3
1.103,1.73,1.173,0.07843,3
1.115,1.51,1.018,0.0698,3
1.012,1.73,1.127,0.07546,3
0.9836,1.71,1.335,0.07023,3
1.133,1.71,1.29,0.0772,3
1.179,1.71,1.068,0.07823,3
1.176,1.7,1.17,0.08623,3
1.009,1.67,1.184,0.07238,3
1.046,1.67,1.161,0.06695,3
0.9138,1.67,1.208,0.07621,3
1.032,1.67,1.27,0.0832,3
1.186,1.65,1.078,0.08091,3
1.12,1.65,0.9487,0.06618,3
0.9008,1.64,1.15,0.06135,3
0.9289,1.65,1.118,0.06808,3
1.074,1.65,1.041,0.0747,3
1.185,1.64,1.133,0.07582,3
1.122,1.79,1.227,0.07887,3
1.024,1.8,1.124,0.0637,3
1.189,1.78,0.9096,0.06666,3
1.115,1.79,1.023,0.0696,3
0.9936,1.78,1.086,0.07554,3
1.09,1.78,1.112,0.0818,3
1.122,1.78,1.029,0.072,3
1.1,1.74,1.147,0.07095,3
1.077,1.75,1.091,0.06762,3
1.302,1.74,0.9685,0.0752,3
1.268,1.74,1.048,0.07608,3
1.322,1.71,1.091,0.0764,3
1.198,1.71,1.081,0.07016,3
1.182,1.71,1.15,0.07378,3
1.034,1.71,1.112,0.06968,3
1.169,1.69,0.9728,0.07226,3
1.14,1.69,0.9367,0.06796,3
1.146,1.67,0.9815,0.07358,3
1.133,1.67,1.113,0.06313,3
1.08,1.67,1.112,0.06707,3
1.089,1.67,1.09,0.07004,3
1.06,1.66,1.17,0.06677,3
1.108,1.66,1.059,0.06574,3
1.164,1.66,1.029,0.06845,3
1.152,1.84,1.15,0.07559,3
1.047,1.84,1.129,0.07639,3
1.373,1.83,0.811,0.08074,3
1.288,1.82,0.5635,0.0699,3
1.171,1.83,0.8929,0.07129,3
0.9734,1.8,1.085,0.05679,3
1.166,1.8,0.949,0.06876,3
1.07,1.79,1.139,0.06407,3
0.5359,1.41,1.019,0.04393,3
0.464,1.57,1.268,0.05553,3
0.8938,1.41,1.159,0.05403,3
1.039,1.4,1.08,0.04982,3
0.8147,1.21,1.191,0.04821,3
0.5354,1.38,1.3,0.05,3
0.6788,1.38,1.171,0.053,3
0.8777,1.38,0.9805,0.05363,3
0.7372,1.36,1.22,0.04807,3
1.892,1.91,1.961,0.1784,3
2.417,2.08,0.8044,0.09523,3
1.917,2.08,2.351,0.1636,3
1.535,2.23,2.178,0.1828,3
1.463,2.22,2.244,0.1838,3
2.331,2.22,2.34,0.2073,3
0.8339,1.38,1.622,0.05747,3
1.698,1.24,0.6474,0.06229,3
0.8144,1.38,1.609,0.05657,3
1.068,1.77,1.386,0.07653,3
1.206,1.77,1.186,0.06322,3
0.6231,1.57,1.426,0.06318,3
0.4457,1.77,1.478,0.0692,3
0.561,1.57,1.478,0.05842,3
0.9145,1.78,1.458,0.06276,3
0.9897,1.81,1.405,0.08146,3
1.044,1.82,1.424,0.08597,3
0.854,1.82,1.54,0.08413,3
0.8525,1.83,1.493,0.09069,3
1.169,1.82,1.471,0.08899,3
1.326,1.83,1.373,0.08597,3
1.227,1.65,1.408,0.08682,3
1.084,1.65,1.35,0.07837,3
0.9903,1.66,1.306,0.07642,3
0.8513,1.66,1.458,0.08635,3
1.024,1.65,1.328,0.08071,3
1.173,1.7,1.308,0.08464,3
1.157,1.69,1.265,0.08258,3
1.025,1.69,1.358,0.07989,3
1.207,1.7,1.23,0.0799,3
0.8668,1.69,1.476,0.08012,3
0.8461,1.7,1.527,0.08449,3
0.9859,1.74,1.515,0.08408,3
0.9303,1.75,1.539,0.07676,3
0.8511,1.73,1.414,0.07897,3
1.033,1.72,1.245,0.06409,3
1.038,1.72,1.321,0.07753,3
0.9869,1.78,1.405,0.07623,3
1.048,1.58,1.329,0.07182,3
0.9234,1.79,1.438,0.08305,3
0.8469,1.78,1.337,0.07743,3
0.7518,1.77,1.399,0.07249,3
1.085,1.77,1.476,0.08913,3
1.129,1.77,1.359,0.08918,3
0.9237,1.64,1.354,0.07664,3
0.9754,1.65,1.341,0.07818,3
1.003,1.65,1.304,0.07013,3
0.9735,1.65,1.346,0.07513,3
0.7494,1.65,1.382,0.06977,3
0.7891,1.65,1.288,0.07081,3
0.7925,1.45,1.32,0.06666,3
1.007,1.65,1.146,0.06928,3
1.101,1.69,0.992,0.07622,3
1.001,1.7,1.169,0.06854,3
0.8601,1.7,1.295,0.06761,3
0.8828,1.71,1.274,0.06752,3
0.9449,1.7,1.375,0.07744,3
0.9962,1.72,1.37,0.0717,3
1.136,1.71,1.215,0.06688,3
1.003,1.73,1.216,0.06567,3
0.8429,1.73,1.151,0.05658,3
0.9166,1.75,1.189,0.06435,3
0.745,1.75,1.297,0.07051,3
0.6235,1.76,1.383,0.06872,3
0.8559,1.75,1.265,0.05969,3
1.179,1.75,1.077,0.07144,3
1.199,1.75,1.003,0.07128,3
0.7766,1.75,1.348,0.07198,3
0.8952,1.75,1.435,0.08948,3
1.076,1.56,1.311,0.08014,3
1.087,1.56,1.275,0.06792,3
1.001,1.58,1.354,0.07801,3
0.9601,1.58,1.239,0.06654,3
0.943,1.59,1.175,0.06922,3
0.9264,1.58,1.223,0.07006,3
0.8801,1.36,1.313,0.06128,3
1.002,1.6,1.201,0.05877,3
1.019,1.59,1.15,0.06269,3
1.082,1.61,1.161,0.06834,3
0.7782,1.62,1.358,0.07173,3
0.7521,1.63,1.333,0.06925,3
0.9167,1.38,1.317,0.07241,3
0.9194,1.61,1.379,0.0737,3
0.8837,1.62,1.374,0.06998,3
0.98,1.64,1.139,0.07715,3
0.8493,1.64,1.232,0.07156,3
0.8099,1.66,1.296,0.08312,3
1.094,1.65,1.264,0.07838,3
0.9251,1.65,1.313,0.07056,3
1.083,1.66,1.158,0.07898,3
1.314,1.68,1.147,0.07973,3
0.7685,1.69,1.315,0.07089,3
0.7834,1.68,1.503,0.08066,3
0.6513,1.7,1.703,0.09054,3
0.9713,1.69,1.543,0.08327,3
1.161,1.44,1.583,0.08267,3
1.082,1.72,1.489,0.09561,3
0.8848,1.72,1.48,0.07969,3
0.8573,1.72,1.405,0.07372,3
0.7856,1.72,1.447,0.08228,3
0.8543,1.72,1.362,0.0863,3
0.999,1.74,1.332,0.08883,3
1.087,1.75,1.428,0.09037,3
1.178,1.75,1.483,0.09652,3
1.021,1.48,1.513,0.08524,3
0.781,1.75,1.564,0.1095,3
0.886,1.76,1.68,0.1,3
1.016,1.77,1.597,0.08591,3
0.7257,1.77,1.441,0.07805,3
1.044,0.96,0.8346,0.04703,2
1.13,1.12,0.7908,0.04757,2
1.078,1.32,0.8247,0.05463,2
1.109,1.47,0.8631,0.05785,2
1.183,1.49,1.08,0.06364,2
1.18,1.61,1.086,0.06137,2
1.255,1.62,1.082,0.06693,2
1.295,1.52,1.178,0.06525,2
1.181,1.52,1.084,0.06269,2
1.345,1.65,1.361,0.06827,2
1.251,1.63,1.13,0.06537,2
1.23,1.63,1.167,0.06697,2
1.209,1.63,1.176,0.06505,2
1.228,1.64,1.178,0.06269,2
1.247,1.63,1.158,0.06618,2
1.205,1.57,1.172,0.06049,2
1.078,1.59,1.065,0.06394,2
1.204,1.6,1.247,0.06692,2
1.088,1.62,1.485,0.06975,2
1.069,1.63,1.399,0.06947,2
0.9931,1.63,1.369,0.068,2
0.9328,1.65,1.421,0.06762,2
0.8909,1.66,1.54,0.06657,2
0.8769,1.67,1.705,0.06758,2
0.8995,1.67,1.521,0.07099,2
0.7859,1.68,1.593,0.06758,2
0.8688,1.67,1.17,0.0645,2
0.7966,1.7,1.29,0.06328,2
0.7607,1.7,1.266,0.06068,2
0.7388,1.73,1.326,0.06398,2
0.7291,1.68,1.271,0.06573,2
0.9768,1.69,1.281,0.07084,2
0.8741,1.67,1.669,0.08444,2
0.7944,1.69,1.745,0.08081,2
0.7663,1.71,1.748,0.07902,2
0.8233,1.66,1.824,0.08278,2
0.8233,1.68,1.601,0.08271,2
0.8122,1.69,1.862,0.08248,2
0.9109,1.67,1.719,0.08148,2
0.801,1.69,1.84,0.08225,2
0.8294,1.85,1.795,0.08705,2
0.8433,1.67,1.888,0.08888,2
0.8339,1.69,1.77,0.08505,2
1.024,1.69,1.683,0.09002,2
1.121,1.94,1.64,0.09293,2
1.089,2.16,1.868,0.0972,2
1.106,1.71,1.686,0.09615,2
1.216,1.72,1.611,0.09741,2
1.148,2.08,1.597,0.09571,2
1.197,1.9,1.542,0.09034,2
1.286,1.94,1.82,0.0913,2
1.234,1.71,1.695,0.08732,2
0.9976,1.71,1.676,0.08167,2
1.085,1.71,1.673,0.07675,2
1.34,1.71,1.755,0.08464,2
1.448,1.72,1.574,0.08482,2
1.337,1.74,1.56,0.07627,2
1.865,1.74,1.594,0.08437,2
1.55,1.74,1.592,0.08773,2
1.55,1.95,1.567,0.09293,2
1.684,1.87,1.498,0.08317,2
1.543,1.74,1.368,0.08607,2
1.354,1.73,1.402,0.08359,2
1.561,1.71,1.443,0.07951,2
1.523,1.71,1.356,0.07586,2
1.299,1.78,1.284,0.07415,2
1.464,1.74,1.3,0.07661,2
1.413,1.89,1.176,0.07386,2
1.493,1.71,1.249,0.0793,2
1.379,1.72,1.282,0.07532,2
1.497,1.71,1.21,0.0738,2
1.45,1.74,1.319,0.07346,2
1.598,1.69,1.336,0.0717,2
1.22,1.71,1.256,0.06419,2
1.282,1.71,1.323,0.06704,2
1.463,1.67,1.393,0.07022,2
1.511,1.71,1.396,0.06965,2
1.285,1.7,1.25,0.06744,2
1.371,1.69,1.147,0.06619,2
1.335,1.73,1.119,0.06242,2
1.368,1.71,0.9572,0.06214,2
1.394,1.67,0.9274,0.07007,2
1.217,1.75,0.9371,0.06925,2
1.375,1.72,0.9568,0.06585,2
1.49,1.7,0.9258,0.07097,2
1.572,1.7,0.9916,0.07393,2
1.407,1.68,0.9427,0.07108,2
1.383,1.66,0.8907,0.06691,2
1.16,1.73,0.8304,0.06335,2
1.167,1.71,0.8321,0.06879,2
0.9902,1.69,0.7645,0.06035,2
1.059,1.68,0.7603,0.0594,2
1.084,1.68,0.8077,0.06158,2
1.04,1.67,0.8102,0.05925,2
1.148,1.64,0.8047,0.06434,2
1.558,1.65,0.9118,0.06767,2
1.541,1.61,0.9611,0.07118,2
1.368,1.6,0.8636,0.06784,2
0.9565,1.56,0.7718,0.05494,2
1.286,1.58,0.7556,0.06166,2
1.268,1.57,0.646,0.06075,2
1.258,1.52,0.6811,0.06104,2
1.348,1.67,0.6484,0.06402,2
1.434,1.66,0.734,0.0604,2
1.27,1.71,0.7392,0.06659,2
0.9937,1.74,0.7248,0.0594,2
1.119,1.75,0.7174,0.05706,2
1.206,1.66,0.7452,0.05924,2
1.154,1.71,0.7544,0.06399,2
1.117,1.7,0.7647,0.05634,2
1.097,1.8,0.6702,0.05887,2
0.9535,1.84,0.6348,0.05702,2
1.101,1.84,0.719,0.05466,2
1.561,1.73,0.7417,0.06692,2
1.511,1.55,0.7418,0.06418,2
1.429,1.77,0.6989,0.0635,2
1.582,1.63,0.7374,0.06632,2
1.49,1.57,0.6867,0.06531,2
1.541,1.73,0.7139,0.07524,2
1.07,1.75,0.7171,0.06031,2
1.255,1.59,0.7104,0.05398,2
1.549,1.61,0.7263,0.06586,2
1.127,1.67,0.7358,0.05912,2
1.064,1.55,0.9774,0.0587,2
0.8024,1.66,0.791,0.06225,2
1.119,1.68,0.8,0.06829,2
0.7876,1.3,0.7891,0.04945,2
1.124,1.56,0.7178,0.05184,2
0.8469,1.45,0.6146,0.04417,2
1.073,1.68,0.7796,0.05515,2
1.043,1.68,0.8433,0.06028,2
1.094,2.29,0.9275,0.06241,2
1.199,2.28,0.8326,0.0607,2
1.146,2.11,0.6251,0.04733,2
1.049,1.71,0.7657,0.05659,2
1.095,1.71,0.7757,0.05646,2
1.008,1.71,0.6957,0.059,2
1.062,1.71,0.7228,0.06453,2
1.048,1.51,0.7345,0.05426,2
1.035,1.56,0.6699,0.04908,2
0.9624,1.55,0.6514,0.04749,2
1.106,1.57,0.7696,0.05526,2
1.099,1.57,0.6984,0.0589,2
1.044,1.6,0.7647,0.05807,2
1.185,1.6,0.7635,0.05763,2
1.195,1.61,0.6498,0.06058,2
1.316,1.6,0.6479,0.05553,2
1.363,1.63,0.6373,0.05929,2
1.356,1.63,0.6567,0.06442,2
1.307,1.63,0.6676,0.06119,2
1.4,1.64,0.7738,0.06414,2
1.165,1.65,0.7553,0.0591,2
1.072,1.65,0.7967,0.06429,2
1.145,1.65,0.7954,0.06429,2
1.08,1.57,0.7795,0.05567,2
1.096,1.58,0.768,0.05655,2
1.094,1.59,0.8129,0.0642,2
1.08,1.58,0.8543,0.05723,2
1.135,1.61,0.9222,0.06224,2
1.076,1.61,0.8195,0.06306,2
1.044,1.62,0.8168,0.05726,2
1.143,1.63,0.7964,0.06122,2
1.064,1.63,0.8558,0.06225,2
1.104,1.64,0.9119,0.06203,2
1.028,1.64,0.9044,0.06003,2
1.036,1.67,0.9495,0.06167,2
1.207,1.67,1,0.06091,2
1.012,1.67,0.9349,0.06222,2
1.151,1.68,1.09,0.06594,2
1.132,1.62,1.15,0.0685,2
1.132,1.65,1.135,0.07175,2
1.15,1.65,1.295,0.0622,2
0.9762,1.68,1.066,0.06843,2
0.941,1.68,1.116,0.06311,2
0.9586,1.69,1.152,0.0654,2
0.8673,1.7,1.1,0.06316,2
0.7806,1.74,1.184,0.05927,2
0.8394,1.76,1.258,0.06058,2
0.7985,1.71,1.122,0.0577,2
0.9027,1.72,1.183,0.063,2
0.8859,1.73,1.091,0.05841,2
0.9314,1.68,1.065,0.06424,2
1.056,1.69,1.026,0.05951,2
1.058,1.71,1.138,0.06545,2
1.733,1.76,2.433,0.1375,2
1.943,1.78,2.215,0.1231,2
1.741,1.71,1.956,0.118,2
1.434,1.8,1.766,0.1082,2
1.389,1.7,1.607,0.09661,2
1.395,1.7,1.492,0.09403,2
1.344,1.67,1.34,0.09493,2
1.492,1.69,1.153,0.09895,2
1.661,1.7,0.9528,0.09946,2
1.93,1.72,0.9585,0.1057,2
2.144,1.78,1.011,0.114,2
2.27,1.7,1.327,0.1242,2
1.312,1.68,1.777,0.1079,2
1.583,1.69,1.66,0.1072,2
1.788,1.67,1.514,0.1057,2
1.428,1.84,1.389,0.0923,2
1.435,1.81,1.256,0.0906,2
1.369,1.71,1.11,0.09388,2
1.389,1.77,0.9969,0.09308,2
1.516,1.71,1.066,0.09486,2
1.537,1.72,1.064,0.09263,2
1.575,1.73,1.138,0.09382,2
1.68,2.03,1.379,0.08344,2
1.432,2,1.544,0.07798,2
0.8258,1.7,1.572,0.07398,2
0.8414,1.95,1.558,0.06816,2
1.175,1.92,2.324,0.0809,2
1.276,1.92,2.227,0.09736,2
0.8439,1.7,1.697,0.05723,2
0.7354,1.68,1.777,0.05285,2
1.074,1.66,2.436,0.08448,2
0.8559,1.66,1.101,0.04165,2
1.235,1.61,0.7384,0.04172,2
1.117,1.41,0.5834,0.02648,2
1.203,1.89,0.8166,0.05538,2
1.155,1.89,0.7283,0.05921,2
1.221,1.92,0.818,0.06126,2
1.214,1.91,0.7584,0.06588,2
1.243,1.92,0.7373,0.06021,2
1.14,1.93,0.7336,0.06197,2
1.201,1.93,0.7099,0.05808,2
1.162,1.9,0.6473,0.05336,2
1.198,1.94,0.6954,0.06675,2
1.209,1.94,0.7412,0.06444,2
1.319,2.01,0.5929,0.05829,2
1.13,1.87,0.5815,0.06418,2
1.287,1.88,0.6292,0.0583,2
1.283,1.92,0.523,0.0666,2
1.192,1.92,0.6686,0.05816,2
1.256,1.95,0.5263,0.06289,2
1.253,1.99,0.6223,0.06621,2
1.284,1.91,0.5398,0.06517,2
1.323,1.94,0.6188,0.06509,2
1.257,1.99,0.6792,0.06723,2
1.508,1.89,0.5746,0.06606,2
1.475,1.96,0.5851,0.06633,2
1.453,1.97,0.596,0.06228,2
1.457,1.99,0.572,0.06966,2
1.427,1.91,0.6483,0.05643,2
1.282,1.95,0.6661,0.06229,2
1.503,1.9,0.6564,0.06961,2
1.576,1.9,0.6563,0.06789,2
1.475,1.86,0.6708,0.06815,2
1.631,1.93,0.7518,0.07548,2
1.567,1.94,0.6913,0.07448,2
1.853,1.9,0.7373,0.07213,2
1.676,1.84,0.6871,0.07427,2
1.651,1.83,0.7611,0.07746,2
1.666,1.88,0.7414,0.08179,2
1.573,1.85,0.7194,0.0815,2
1.682,1.85,0.8155,0.0848,2
1.654,1.85,0.8483,0.08773,2
1.724,1.89,0.8171,0.08916,2
1.82,1.92,0.8698,0.09068,2
2.018,1.93,0.899,0.09669,2
1.772,1.91,0.9295,0.09531,2
1.639,1.86,0.9382,0.08801,2
2.096,1.83,0.9431,0.08197,2
1.577,1.77,1.095,0.0711,2
1.547,1.69,1.441,0.06228,2
0.8355,1.46,1.098,0.0389,2
1.361,1.57,1.729,0.07495,2
1.073,1.74,2.503,0.1207,2
1.105,1.78,2.408,0.09545,2
1.11,1.81,2.074,0.08547,2
1.491,1.82,1.846,0.1032,2
0.795,1.72,1.867,0.0767,2
1.332,1.81,1.84,0.1181,2
0.9352,1.81,1.858,0.07831,2
0.8518,1.79,1.484,0.06929,2
0.947,1.81,1.174,0.07004,2
1.092,1.78,1.298,0.07151,2
1.092,1.8,1.102,0.06738,2
1.178,1.78,1.135,0.06984,2
1.099,1.83,0.9999,0.06726,2
1.085,1.81,1.122,0.06843,2
1.169,1.8,1.033,0.07207,2
1.132,1.84,1.171,0.07405,2
0.6998,1.76,1.165,0.0654,2
0.7983,1.75,1.097,0.06389,2
0.9245,1.74,1.194,0.06337,2
1.009,1.73,1.041,0.06084,2
1.028,1.73,0.9604,0.06471,2
1.094,1.72,0.9341,0.0696,2
1.137,1.85,0.886,0.06339,2
1.235,1.82,0.9259,0.06373,2
1.17,1.83,0.8316,0.06261,2
1.164,1.81,0.8746,0.06594,2
1.37,1.79,0.8555,0.0646,2
1.331,1.83,0.8758,0.06766,2
1.092,1.81,0.7592,0.05619,2
1.138,1.77,0.7485,0.05813,2
1.209,1.8,0.7628,0.06315,2
1.348,1.75,0.7774,0.0621,2
1.216,1.78,0.6034,0.06915,2
1.835,1.76,1.551,0.1448,2
0.871,1.73,1.242,0.06033,2
1.194,1.76,0.6885,0.06362,2
1.325,1.7,0.7509,0.06438,2
1.116,1.69,0.6587,0.06016,2
1.154,1.73,0.6884,0.06174,2
1.082,1.72,0.7075,0.05599,2
1.051,1.66,0.6946,0.05641,2
0.5107,1.51,0.6877,0.03527,3
0.4357,1.51,0.5441,0.02562,3
0.6319,1.53,0.5657,0.03224,3
0.7472,1.44,0.502,0.03159,3
0.7495,1.46,0.4294,0.03032,3
0.6171,1.46,0.5926,0.03003,3
0.5644,1.56,0.4558,0.0256,3
0.6088,1.49,0.7363,0.03313,3
0.6729,1.43,0.6946,0.03529,3
0.9456,1.44,0.6919,0.03685,3
0.6111,1.44,0.5236,0.02716,3
0.5447,1.51,0.48,0.02466,3
0.6519,1.44,0.5466,0.02916,3
0.9197,1.45,0.572,0.0322,3
0.8667,1.45,0.6012,0.03434,3
0.6878,1.45,0.5043,0.03291,3
0.5851,1.46,0.5287,0.03023,3
0.6127,1.47,0.5997,0.03042,3
0.6832,1.46,0.7553,0.03666,3
0.7371,1.47,0.6531,0.03604,3
0.6478,1.44,0.6582,0.03181,3
0.568,1.48,0.5974,0.03068,3
0.6199,1.44,0.5037,0.02907,3
0.7862,1.4,0.4657,0.03305,3
0.7662,1.36,0.5526,0.03246,3
0.7012,1.39,0.4587,0.03294,3
0.5281,1.43,0.5179,0.02635,3
0.5779,1.45,0.682,0.03148,3
0.6599,1.37,0.7006,0.0343,3
0.646,1.34,0.802,0.03057,3
0.549,0.97,0.5888,0.02051,3
0.5745,0.81,0.4967,0.01438,3
0.452,0.66,0.5365,0.01611,3
0.5671,0.86,0.5168,0.01995,3
0.5969,1.41,0.5152,0.02552,3
0.7492,1.34,0.7145,0.03219,3
0.6685,1.34,0.6289,0.03066,3
0.5568,1.46,0.5993,0.0313,3
0.5242,1.44,0.6163,0.02923,3
0.4964,1.48,0.8699,0.03482,3
0.4683,1.39,0.8539,0.03636,3
0.5053,1.4,0.8398,0.03396,3
0.5103,1.49,0.5548,0.03092,3
0.4786,1.48,0.5846,0.02837,3
0.6521,1.41,0.7271,0.03406,3
0.7418,1.41,0.671,0.035,3
0.6935,1.41,0.5277,0.0325,3
0.5782,1.51,0.4987,0.03209,3
0.5293,1.51,0.6497,0.03195,3
0.547,1.42,0.964,0.0401,3
0.5765,1.41,0.9437,0.04067,3
0.5395,1.42,0.7541,0.0315,3
0.524,1.52,0.472,0.02796,3
0.586,1.52,0.4669,0.03142,3
0.7382,1.41,0.6567,0.03405,3
0.6945,1.41,0.647,0.03447,3
0.6179,1.4,0.543,0.02838,3
0.5524,1.51,0.4507,0.02719,3
0.5085,1.54,0.6578,0.03491,3
0.5414,1.45,0.8475,0.03887,3
0.5417,1.44,0.8883,0.03576,3
0.5983,1.45,0.725,0.0353,3
0.5661,1.55,0.5604,0.03006,3
0.6147,1.45,0.5514,0.02958,3
0.7473,1.45,0.7768,0.03744,3
0.7243,1.45,0.4486,0.03316,3
0.6395,1.39,0.5119,0.02657,3
0.5979,1.46,0.5311,0.02437,3
0.5732,1.41,0.9805,0.03544,3
0.5978,1.42,1.136,0.03693,3
0.6101,1.41,0.8343,0.03399,3
0.6482,1.51,0.4743,0.02778,3
0.6836,1.52,0.4267,0.02627,3
0.7931,1.44,0.681,0.03402,3
0.7962,1.43,0.6351,0.03234,3
0.8595,1.43,0.4573,0.03507,3
0.6755,1.53,0.3803,0.03004,3
0.6468,1.54,0.7508,0.03397,3
0.5922,1.41,0.979,0.03554,3
0.6389,1.35,0.7613,0.03355,3
0.6441,1.36,0.7437,0.03217,3
0.5987,1.46,0.3795,0.02603,3
0.637,1.47,0.4216,0.02889,3
0.7427,1.41,0.7827,0.03592,3
0.7473,1.35,0.6747,0.03376,3
0.719,1.39,0.4425,0.0317,3
0.6351,1.52,0.4081,0.03015,3
0.6225,1.5,0.4832,0.02874,3
0.595,1.39,0.8719,0.03503,3
0.6741,1.38,0.6407,0.03334,3
0.5894,1.39,0.6782,0.02784,3
0.5542,1.39,0.4283,0.0279,3
0.6006,1.42,0.4548,0.0289,3
0.6794,1.29,0.5671,0.02796,3
0.6114,1.32,0.5386,0.02974,3
0.582,1.45,0.5761,0.03573,3
0.5551,1.48,0.5984,0.03441,3
0.5552,1.48,0.6347,0.0359,3
0.6057,1.49,0.7695,0.04442,3
0.6353,1.49,0.7944,0.04345,3
0.5252,1.48,0.5749,0.03555,3
0.5938,1.47,0.4928,0.03314,3
0.5464,1.47,0.3697,0.03212,3
2.755,1.51,1.147,0.1193,3
2.603,1.49,1.522,0.124,3
2.276,1.48,1.665,0.1088,3
1.891,1.49,1.732,0.1013,3
2.204,1.48,1.16,0.1019,3
2.329,1.48,0.8608,0.1001,3
2.042,1.47,1.157,0.08588,3
1.594,1.61,1.618,0.07094,3
1.779,1.61,1.129,0.07973,3
1.894,1.62,0.5765,0.06551,3
1.769,1.6,0.7805,0.08729,3
1.77,1.6,0.6876,0.08394,3
1.831,1.61,0.7196,0.08988,3
1.913,1.59,0.9314,0.09616,3
1.794,1.59,1.057,0.102,3
1.463,1.58,1.426,0.1054,3
0.5567,1.34,0.7312,0.03989,3
0.631,1.38,0.7027,0.04208,3
0.5997,1.4,0.6446,0.03986,3
0.5532,1.53,0.5709,0.03084,3
0.5793,1.39,0.3832,0.03156,3
1.548,3.08,0.8144,0.1336,3
0.6883,1.39,0.5262,0.03486,3
1.432,3.1,0.7767,0.1171,3
1.191,3.1,0.8693,0.1079,3
1.162,3.1,0.8088,0.09743,3
0.9738,2.97,0.8154,0.09063,3
1.019,3.01,0.9859,0.09916,3
0.8141,3.1,0.985,0.09139,3
0.8976,3.01,0.9841,0.08031,3
0.4567,3.02,1.064,0.07455,3
0.5697,3.1,1.071,0.09274,3
0.684,3.05,1.313,0.1027,3
0.8416,3.05,1.325,0.1072,3
1.288,3.1,1.002,0.1092,3
0.7178,2.03,1.103,0.06485,3
0.7654,1.74,1.244,0.0785,3
0.7781,1.69,1.209,0.08314,3
1.566,1.88,1.165,0.1468,3
1.531,1.88,1.162,0.1296,3
1.494,1.89,1.106,0.1281,3
1.169,1.66,1.253,0.107,3
1.184,1.66,1.349,0.1052,3
0.8737,1.87,1.324,0.07872,3
0.8504,1.88,1.327,0.09287,3
0.8043,1.88,1.306,0.09584,3
1.052,1.83,1.474,0.1012,3
1.074,1.83,1.354,0.1002,3
1.026,1.65,1.408,0.1049,3
0.9319,1.88,1.517,0.1145,3
0.9209,1.86,1.273,0.0979,3
1.063,1.7,0.9078,0.06432,3
1.297,1.7,0.7232,0.07395,3
1.173,1.71,0.9375,0.0744,3
1.151,1.7,0.7325,0.07633,3
1.166,1.7,0.7795,0.0809,3
1.046,1.7,0.9695,0.08963,3
1.077,1.7,1.142,0.09582,3
0.865,1.7,1.048,0.08531,3
1.036,1.9,1.118,0.09332,3
1.108,1.71,1.4,0.1098,3
1.179,1.7,1.371,0.1149,3
1.507,1.71,1.517,0.1294,3
1.107,1.66,0.8341,0.07199,3
1.058,1.87,0.9436,0.07249,3
1.005,1.86,0.9131,0.05894,3
0.8441,1.87,0.8858,0.0681,3
1.129,1.64,0.9913,0.08612,3
0.9926,1.6,1.037,0.07821,3
1.076,1.84,1.074,0.0904,3
0.7995,1.61,1.088,0.06668,3
1.87,1.95,1.123,0.1749,3
1.763,1.96,1.008,0.1606,3
1.838,1.96,1.136,0.153,3
1.708,1.95,1.206,0.1552,3
1.622,2.61,1.577,0.1531,3
1.3,1.95,1.154,0.1176,3
1.154,1.95,1.076,0.109,3
1.161,1.8,1.229,0.1087,3
1.231,1.96,1.348,0.1125,3
1.018,1.96,1.423,0.1042,3
0.9262,1.96,1.455,0.1035,3
0.9877,1.95,1.519,0.09674,3
1.119,1.95,1.375,0.09025,3
1.189,1.96,1.589,0.1152,3
1.262,1.95,1.569,0.1158,3
1.902,1.97,1.349,0.1359,3
1.707,1.73,1.696,0.1419,3
0.848,1.89,0.9098,0.05016,3
1.839,1.88,0.9311,0.1216,3
1.672,1.86,0.9007,0.1153,3
1.582,1.86,1.049,0.1197,3
1.389,1.86,0.9097,0.08748,3
1.219,1.84,0.8884,0.09078,3
1.101,1.85,0.9174,0.06902,3
1.198,1.84,0.9889,0.09332,3
1.01,1.95,1.085,0.08602,3
1.06,1.98,0.9379,0.07959,3
1.15,1.96,1.07,0.07774,3
1.173,1.96,1.181,0.08487,3
0.9735,1.96,1.165,0.09122,3
1.21,1.95,1.293,0.1125,3
1.231,1.95,1.297,0.1128,3
1.194,1.92,1.434,0.1183,3
1.248,1.95,1.472,0.1175,3
2.182,2.01,1.197,0.1669,3
2.477,2.02,2.42,0.2194,3
2.916,2.02,1.446,0.1843,3
0.8941,2.02,1.672,0.1237,3
3.001,2.02,3.55,0.3084,3
2.316,2.02,1.873,0.1792,3
1.511,2.02,1.008,0.1071,3
1.47,2.02,0.861,0.1082,3
1.204,2.02,1.106,0.09504,3
2.089,2.03,1.233,0.1345,3
1.074,2.01,1.433,0.09963,3
3.54,2.03,1.925,0.2528,3
3.526,2.04,1.682,0.2634,3
4.124,2.05,3.213,0.3525,3
2.261,2.05,1.488,0.1616,3
1.12,2.05,0.9455,0.09704,3
2.867,2.08,3.862,0.4134,3
2.95,1.9,2.367,0.3764,3
